name,z_points,r_points
DoubleConic_PrimaryLV_0_Gold,900 899.2 898.4 897.6 896.8 896 895.2 894.4 893.6 892.8 892 891.2 890.4 889.6 888.8 888 887.2 886.4 885.6 884.8 884 883.2 882.4 881.6 880.8 880 879.2 878.4 877.6 876.8 876 875.2 874.4 873.6 872.8 872 871.2 870.4 869.6 868.8 868 867.2 866.4 865.6 864.8 864 863.2 862.4 861.6 860.8 860 859.2 858.4 857.6 856.8 856 855.2 854.4 853.6 852.8 852 851.2 850.4 849.6 848.8 848 847.2 846.4 845.6 844.8 844 843.2 842.4 841.6 840.8 840 839.2 838.4 837.6 836.8 836 835.2 834.4 833.6 832.8 832 831.2 830.4 829.6 828.8 828 827.2 826.4 825.6 824.8 824 823.2 822.4 821.6 820.8 820 819.2 818.4 817.6 816.8 816 815.2 814.4 813.6 812.8 812 811.2 810.4 809.6 808.8 808 807.2 806.4 805.6 804.8 804 803.2 802.4 801.6 800.8 800,47 46.9884 46.9769 46.9653 46.9538 46.9422 46.9307 46.9191 46.9075 46.896 46.8844 46.8729 46.8613 46.8498 46.8382 46.8266 46.8151 46.8035 46.792 46.7804 46.7689 46.7573 46.7457 46.7342 46.7226 46.7111 46.6995 46.688 46.6764 46.6648 46.6533 46.6417 46.6302 46.6186 46.6071 46.5955 46.5839 46.5724 46.5608 46.5493 46.5377 46.5261 46.5146 46.503 46.4915 46.4799 46.4684 46.4568 46.4452 46.4337 46.4221 46.4106 46.399 46.3875 46.3759 46.3643 46.3528 46.3412 46.3297 46.3181 46.3066 46.295 46.2834 46.2719 46.2603 46.2488 46.2372 46.2257 46.2141 46.2025 46.191 46.1794 46.1679 46.1563 46.1448 46.1332 46.1216 46.1101 46.0985 46.087 46.0754 46.0639 46.0523 46.0407 46.0292 46.0176 46.0061 45.9945 45.983 45.9714 45.9598 45.9483 45.9367 45.9252 45.9136 45.9021 45.8905 45.8789 45.8674 45.8558 45.8443 45.8327 45.8212 45.8096 45.798 45.7865 45.7749 45.7634 45.7518 45.7402 45.7287 45.7171 45.7056 45.694 45.6825 45.6709 45.6593 45.6478 45.6362 45.6247 45.6131 45.6016 45.59 45.5784 45.5669 45.5553
DoubleConic_SecondaryLV_0_Gold,800 799.2 798.4 797.6 796.8 796 795.2 794.4 793.6 792.8 792 791.2 790.4 789.6 788.8 788 787.2 786.4 785.6 784.8 784 783.2 782.4 781.6 780.8 780 779.2 778.4 777.6 776.8 776 775.2 774.4 773.6 772.8 772 771.2 770.4 769.6 768.8 768 767.2 766.4 765.6 764.8 764 763.2 762.4 761.6 760.8 760 759.2 758.4 757.6 756.8 756 755.2 754.4 753.6 752.8 752 751.2 750.4 749.6 748.8 748 747.2 746.4 745.6 744.8 744 743.2 742.4 741.6 740.8 740 739.2 738.4 737.6 736.8 736 735.2 734.4 733.6 732.8 732 731.2 730.4 729.6 728.8 728 727.2 726.4 725.6 724.8 724 723.2 722.4 721.6 720.8 720 719.2 718.4 717.6 716.8 716 715.2 714.4 713.6 712.8 712 711.2 710.4 709.6 708.8 708 707.2 706.4 705.6 704.8 704 703.2 702.4 701.6 700.8 700,45.5553 45.5206 45.4859 45.4513 45.4166 45.3819 45.3472 45.3125 45.2778 45.2431 45.2084 45.1737 45.139 45.1043 45.0697 45.035 45.0003 44.9656 44.9309 44.8962 44.8615 44.8268 44.7921 44.7574 44.7227 44.688 44.6534 44.6187 44.584 44.5493 44.5146 44.4799 44.4452 44.4105 44.3758 44.3411 44.3064 44.2718 44.2371 44.2024 44.1677 44.133 44.0983 44.0636 44.0289 43.9942 43.9595 43.9248 43.8901 43.8555 43.8208 43.7861 43.7514 43.7167 43.682 43.6473 43.6126 43.5779 43.5432 43.5085 43.4739 43.4392 43.4045 43.3698 43.3351 43.3004 43.2657 43.231 43.1963 43.1616 43.1269 43.0922 43.0576 43.0229 42.9882 42.9535 42.9188 42.8841 42.8494 42.8147 42.78 42.7453 42.7106 42.676 42.6413 42.6066 42.5719 42.5372 42.5025 42.4678 42.4331 42.3984 42.3637 42.329 42.2943 42.2597 42.225 42.1903 42.1556 42.1209 42.0862 42.0515 42.0168 41.9821 41.9474 41.9127 41.8781 41.8434 41.8087 41.774 41.7393 41.7046 41.6699 41.6352 41.6005 41.5658 41.5311 41.4964 41.4618 41.4271 41.3924 41.3577 41.323 41.2883 41.2536 41.2189
DoubleConic_PrimaryLV_1_Gold,900 899.2 898.4 897.6 896.8 896 895.2 894.4 893.6 892.8 892 891.2 890.4 889.6 888.8 888 887.2 886.4 885.6 884.8 884 883.2 882.4 881.6 880.8 880 879.2 878.4 877.6 876.8 876 875.2 874.4 873.6 872.8 872 871.2 870.4 869.6 868.8 868 867.2 866.4 865.6 864.8 864 863.2 862.4 861.6 860.8 860 859.2 858.4 857.6 856.8 856 855.2 854.4 853.6 852.8 852 851.2 850.4 849.6 848.8 848 847.2 846.4 845.6 844.8 844 843.2 842.4 841.6 840.8 840 839.2 838.4 837.6 836.8 836 835.2 834.4 833.6 832.8 832 831.2 830.4 829.6 828.8 828 827.2 826.4 825.6 824.8 824 823.2 822.4 821.6 820.8 820 819.2 818.4 817.6 816.8 816 815.2 814.4 813.6 812.8 812 811.2 810.4 809.6 808.8 808 807.2 806.4 805.6 804.8 804 803.2 802.4 801.6 800.8 800,45.6726 45.6614 45.6502 45.6389 45.6277 45.6165 45.6053 45.594 45.5828 45.5716 45.5603 45.5491 45.5379 45.5266 45.5154 45.5042 45.4929 45.4817 45.4705 45.4592 45.448 45.4368 45.4255 45.4143 45.4031 45.3919 45.3806 45.3694 45.3582 45.3469 45.3357 45.3245 45.3132 45.302 45.2908 45.2795 45.2683 45.2571 45.2458 45.2346 45.2234 45.2121 45.2009 45.1897 45.1785 45.1672 45.156 45.1448 45.1335 45.1223 45.1111 45.0998 45.0886 45.0774 45.0661 45.0549 45.0437 45.0324 45.0212 45.01 44.9987 44.9875 44.9763 44.9651 44.9538 44.9426 44.9314 44.9201 44.9089 44.8977 44.8864 44.8752 44.864 44.8527 44.8415 44.8303 44.819 44.8078 44.7966 44.7853 44.7741 44.7629 44.7517 44.7404 44.7292 44.718 44.7067 44.6955 44.6843 44.673 44.6618 44.6506 44.6393 44.6281 44.6169 44.6056 44.5944 44.5832 44.5719 44.5607 44.5495 44.5383 44.527 44.5158 44.5046 44.4933 44.4821 44.4709 44.4596 44.4484 44.4372 44.4259 44.4147 44.4035 44.3922 44.381 44.3698 44.3585 44.3473 44.3361 44.3249 44.3136 44.3024 44.2912 44.2799 44.2687
DoubleConic_SecondaryLV_1_Gold,800 799.2 798.4 797.6 796.8 796 795.2 794.4 793.6 792.8 792 791.2 790.4 789.6 788.8 788 787.2 786.4 785.6 784.8 784 783.2 782.4 781.6 780.8 780 779.2 778.4 777.6 776.8 776 775.2 774.4 773.6 772.8 772 771.2 770.4 769.6 768.8 768 767.2 766.4 765.6 764.8 764 763.2 762.4 761.6 760.8 760 759.2 758.4 757.6 756.8 756 755.2 754.4 753.6 752.8 752 751.2 750.4 749.6 748.8 748 747.2 746.4 745.6 744.8 744 743.2 742.4 741.6 740.8 740 739.2 738.4 737.6 736.8 736 735.2 734.4 733.6 732.8 732 731.2 730.4 729.6 728.8 728 727.2 726.4 725.6 724.8 724 723.2 722.4 721.6 720.8 720 719.2 718.4 717.6 716.8 716 715.2 714.4 713.6 712.8 712 711.2 710.4 709.6 708.8 708 707.2 706.4 705.6 704.8 704 703.2 702.4 701.6 700.8 700,44.2687 44.235 44.2013 44.1676 44.1338 44.1001 44.0664 44.0327 43.999 43.9653 43.9316 43.8979 43.8641 43.8304 43.7967 43.763 43.7293 43.6956 43.6619 43.6282 43.5944 43.5607 43.527 43.4933 43.4596 43.4259 43.3922 43.3585 43.3247 43.291 43.2573 43.2236 43.1899 43.1562 43.1225 43.0888 43.055 43.0213 42.9876 42.9539 42.9202 42.8865 42.8528 42.8191 42.7853 42.7516 42.7179 42.6842 42.6505 42.6168 42.5831 42.5494 42.5156 42.4819 42.4482 42.4145 42.3808 42.3471 42.3134 42.2797 42.2459 42.2122 42.1785 42.1448 42.1111 42.0774 42.0437 42.01 41.9762 41.9425 41.9088 41.8751 41.8414 41.8077 41.774 41.7403 41.7065 41.6728 41.6391 41.6054 41.5717 41.538 41.5043 41.4706 41.4368 41.4031 41.3694 41.3357 41.302 41.2683 41.2346 41.2009 41.1671 41.1334 41.0997 41.066 41.0323 40.9986 40.9649 40.9312 40.8974 40.8637 40.83 40.7963 40.7626 40.7289 40.6952 40.6615 40.6277 40.594 40.5603 40.5266 40.4929 40.4592 40.4255 40.3918 40.358 40.3243 40.2906 40.2569 40.2232 40.1895 40.1558 40.1221 40.0883 40.0546
DoubleConic_PrimaryLV_2_Gold,900 899.2 898.4 897.6 896.8 896 895.2 894.4 893.6 892.8 892 891.2 890.4 889.6 888.8 888 887.2 886.4 885.6 884.8 884 883.2 882.4 881.6 880.8 880 879.2 878.4 877.6 876.8 876 875.2 874.4 873.6 872.8 872 871.2 870.4 869.6 868.8 868 867.2 866.4 865.6 864.8 864 863.2 862.4 861.6 860.8 860 859.2 858.4 857.6 856.8 856 855.2 854.4 853.6 852.8 852 851.2 850.4 849.6 848.8 848 847.2 846.4 845.6 844.8 844 843.2 842.4 841.6 840.8 840 839.2 838.4 837.6 836.8 836 835.2 834.4 833.6 832.8 832 831.2 830.4 829.6 828.8 828 827.2 826.4 825.6 824.8 824 823.2 822.4 821.6 820.8 820 819.2 818.4 817.6 816.8 816 815.2 814.4 813.6 812.8 812 811.2 810.4 809.6 808.8 808 807.2 806.4 805.6 804.8 804 803.2 802.4 801.6 800.8 800,44.3453 44.3344 44.3235 44.3126 44.3017 44.2907 44.2798 44.2689 44.258 44.2471 44.2362 44.2253 44.2144 44.2035 44.1926 44.1817 44.1708 44.1599 44.149 44.1381 44.1272 44.1163 44.1053 44.0944 44.0835 44.0726 44.0617 44.0508 44.0399 44.029 44.0181 44.0072 43.9963 43.9854 43.9745 43.9636 43.9527 43.9418 43.9309 43.92 43.909 43.8981 43.8872 43.8763 43.8654 43.8545 43.8436 43.8327 43.8218 43.8109 43.8 43.7891 43.7782 43.7673 43.7564 43.7455 43.7346 43.7236 43.7127 43.7018 43.6909 43.68 43.6691 43.6582 43.6473 43.6364 43.6255 43.6146 43.6037 43.5928 43.5819 43.571 43.5601 43.5492 43.5382 43.5273 43.5164 43.5055 43.4946 43.4837 43.4728 43.4619 43.451 43.4401 43.4292 43.4183 43.4074 43.3965 43.3856 43.3747 43.3638 43.3529 43.3419 43.331 43.3201 43.3092 43.2983 43.2874 43.2765 43.2656 43.2547 43.2438 43.2329 43.222 43.2111 43.2002 43.1893 43.1784 43.1675 43.1565 43.1456 43.1347 43.1238 43.1129 43.102 43.0911 43.0802 43.0693 43.0584 43.0475 43.0366 43.0257 43.0148 43.0039 42.993 42.9821
DoubleConic_SecondaryLV_2_Gold,800 799.2 798.4 797.6 796.8 796 795.2 794.4 793.6 792.8 792 791.2 790.4 789.6 788.8 788 787.2 786.4 785.6 784.8 784 783.2 782.4 781.6 780.8 780 779.2 778.4 777.6 776.8 776 775.2 774.4 773.6 772.8 772 771.2 770.4 769.6 768.8 768 767.2 766.4 765.6 764.8 764 763.2 762.4 761.6 760.8 760 759.2 758.4 757.6 756.8 756 755.2 754.4 753.6 752.8 752 751.2 750.4 749.6 748.8 748 747.2 746.4 745.6 744.8 744 743.2 742.4 741.6 740.8 740 739.2 738.4 737.6 736.8 736 735.2 734.4 733.6 732.8 732 731.2 730.4 729.6 728.8 728 727.2 726.4 725.6 724.8 724 723.2 722.4 721.6 720.8 720 719.2 718.4 717.6 716.8 716 715.2 714.4 713.6 712.8 712 711.2 710.4 709.6 708.8 708 707.2 706.4 705.6 704.8 704 703.2 702.4 701.6 700.8 700,42.9821 42.9493 42.9166 42.8839 42.8511 42.8184 42.7857 42.7529 42.7202 42.6875 42.6547 42.622 42.5893 42.5565 42.5238 42.4911 42.4583 42.4256 42.3929 42.3601 42.3274 42.2947 42.2619 42.2292 42.1965 42.1637 42.131 42.0982 42.0655 42.0328 42 41.9673 41.9346 41.9018 41.8691 41.8364 41.8036 41.7709 41.7382 41.7054 41.6727 41.64 41.6072 41.5745 41.5418 41.509 41.4763 41.4436 41.4108 41.3781 41.3454 41.3126 41.2799 41.2472 41.2144 41.1817 41.149 41.1162 41.0835 41.0508 41.018 40.9853 40.9526 40.9198 40.8871 40.8544 40.8216 40.7889 40.7562 40.7234 40.6907 40.658 40.6252 40.5925 40.5598 40.527 40.4943 40.4616 40.4288 40.3961 40.3634 40.3306 40.2979 40.2652 40.2324 40.1997 40.167 40.1342 40.1015 40.0688 40.036 40.0033 39.9706 39.9378 39.9051 39.8724 39.8396 39.8069 39.7742 39.7414 39.7087 39.676 39.6432 39.6105 39.5778 39.545 39.5123 39.4796 39.4468 39.4141 39.3814 39.3486 39.3159 39.2832 39.2504 39.2177 39.185 39.1522 39.1195 39.0868 39.054 39.0213 38.9886 38.9558 38.9231 38.8904
DoubleConic_PrimaryLV_3_Gold,900 899.2 898.4 897.6 896.8 896 895.2 894.4 893.6 892.8 892 891.2 890.4 889.6 888.8 888 887.2 886.4 885.6 884.8 884 883.2 882.4 881.6 880.8 880 879.2 878.4 877.6 876.8 876 875.2 874.4 873.6 872.8 872 871.2 870.4 869.6 868.8 868 867.2 866.4 865.6 864.8 864 863.2 862.4 861.6 860.8 860 859.2 858.4 857.6 856.8 856 855.2 854.4 853.6 852.8 852 851.2 850.4 849.6 848.8 848 847.2 846.4 845.6 844.8 844 843.2 842.4 841.6 840.8 840 839.2 838.4 837.6 836.8 836 835.2 834.4 833.6 832.8 832 831.2 830.4 829.6 828.8 828 827.2 826.4 825.6 824.8 824 823.2 822.4 821.6 820.8 820 819.2 818.4 817.6 816.8 816 815.2 814.4 813.6 812.8 812 811.2 810.4 809.6 808.8 808 807.2 806.4 805.6 804.8 804 803.2 802.4 801.6 800.8 800,43.0179 43.0073 42.9968 42.9862 42.9756 42.965 42.9544 42.9439 42.9333 42.9227 42.9121 42.9015 42.891 42.8804 42.8698 42.8592 42.8486 42.8381 42.8275 42.8169 42.8063 42.7957 42.7852 42.7746 42.764 42.7534 42.7428 42.7323 42.7217 42.7111 42.7005 42.6899 42.6794 42.6688 42.6582 42.6476 42.637 42.6265 42.6159 42.6053 42.5947 42.5841 42.5736 42.563 42.5524 42.5418 42.5312 42.5207 42.5101 42.4995 42.4889 42.4783 42.4678 42.4572 42.4466 42.436 42.4254 42.4149 42.4043 42.3937 42.3831 42.3725 42.362 42.3514 42.3408 42.3302 42.3196 42.3091 42.2985 42.2879 42.2773 42.2667 42.2562 42.2456 42.235 42.2244 42.2138 42.2033 42.1927 42.1821 42.1715 42.1609 42.1504 42.1398 42.1292 42.1186 42.108 42.0975 42.0869 42.0763 42.0657 42.0551 42.0446 42.034 42.0234 42.0128 42.0022 41.9917 41.9811 41.9705 41.9599 41.9493 41.9388 41.9282 41.9176 41.907 41.8964 41.8859 41.8753 41.8647 41.8541 41.8435 41.833 41.8224 41.8118 41.8012 41.7906 41.7801 41.7695 41.7589 41.7483 41.7377 41.7272 41.7166 41.706 41.6954
DoubleConic_SecondaryLV_3_Gold,800 799.2 798.4 797.6 796.8 796 795.2 794.4 793.6 792.8 792 791.2 790.4 789.6 788.8 788 787.2 786.4 785.6 784.8 784 783.2 782.4 781.6 780.8 780 779.2 778.4 777.6 776.8 776 775.2 774.4 773.6 772.8 772 771.2 770.4 769.6 768.8 768 767.2 766.4 765.6 764.8 764 763.2 762.4 761.6 760.8 760 759.2 758.4 757.6 756.8 756 755.2 754.4 753.6 752.8 752 751.2 750.4 749.6 748.8 748 747.2 746.4 745.6 744.8 744 743.2 742.4 741.6 740.8 740 739.2 738.4 737.6 736.8 736 735.2 734.4 733.6 732.8 732 731.2 730.4 729.6 728.8 728 727.2 726.4 725.6 724.8 724 723.2 722.4 721.6 720.8 720 719.2 718.4 717.6 716.8 716 715.2 714.4 713.6 712.8 712 711.2 710.4 709.6 708.8 708 707.2 706.4 705.6 704.8 704 703.2 702.4 701.6 700.8 700,41.6954 41.6637 41.6319 41.6002 41.5684 41.5366 41.5049 41.4731 41.4414 41.4096 41.3779 41.3461 41.3144 41.2826 41.2509 41.2191 41.1873 41.1556 41.1238 41.0921 41.0603 41.0286 40.9968 40.9651 40.9333 40.9016 40.8698 40.838 40.8063 40.7745 40.7428 40.711 40.6793 40.6475 40.6158 40.584 40.5523 40.5205 40.4888 40.457 40.4252 40.3935 40.3617 40.33 40.2982 40.2665 40.2347 40.203 40.1712 40.1395 40.1077 40.0759 40.0442 40.0124 39.9807 39.9489 39.9172 39.8854 39.8537 39.8219 39.7902 39.7584 39.7266 39.6949 39.6631 39.6314 39.5996 39.5679 39.5361 39.5044 39.4726 39.4409 39.4091 39.3773 39.3456 39.3138 39.2821 39.2503 39.2186 39.1868 39.1551 39.1233 39.0916 39.0598 39.028 38.9963 38.9645 38.9328 38.901 38.8693 38.8375 38.8058 38.774 38.7423 38.7105 38.6787 38.647 38.6152 38.5835 38.5517 38.52 38.4882 38.4565 38.4247 38.393 38.3612 38.3294 38.2977 38.2659 38.2342 38.2024 38.1707 38.1389 38.1072 38.0754 38.0437 38.0119 37.9801 37.9484 37.9166 37.8849 37.8531 37.8214 37.7896 37.7579 37.7261
DoubleConic_PrimaryLV_4_Gold,900 899.2 898.4 897.6 896.8 896 895.2 894.4 893.6 892.8 892 891.2 890.4 889.6 888.8 888 887.2 886.4 885.6 884.8 884 883.2 882.4 881.6 880.8 880 879.2 878.4 877.6 876.8 876 875.2 874.4 873.6 872.8 872 871.2 870.4 869.6 868.8 868 867.2 866.4 865.6 864.8 864 863.2 862.4 861.6 860.8 860 859.2 858.4 857.6 856.8 856 855.2 854.4 853.6 852.8 852 851.2 850.4 849.6 848.8 848 847.2 846.4 845.6 844.8 844 843.2 842.4 841.6 840.8 840 839.2 838.4 837.6 836.8 836 835.2 834.4 833.6 832.8 832 831.2 830.4 829.6 828.8 828 827.2 826.4 825.6 824.8 824 823.2 822.4 821.6 820.8 820 819.2 818.4 817.6 816.8 816 815.2 814.4 813.6 812.8 812 811.2 810.4 809.6 808.8 808 807.2 806.4 805.6 804.8 804 803.2 802.4 801.6 800.8 800,41.6905 41.6803 41.67 41.6598 41.6495 41.6393 41.629 41.6188 41.6085 41.5983 41.588 41.5777 41.5675 41.5572 41.547 41.5367 41.5265 41.5162 41.506 41.4957 41.4855 41.4752 41.465 41.4547 41.4444 41.4342 41.4239 41.4137 41.4034 41.3932 41.3829 41.3727 41.3624 41.3522 41.3419 41.3317 41.3214 41.3111 41.3009 41.2906 41.2804 41.2701 41.2599 41.2496 41.2394 41.2291 41.2189 41.2086 41.1983 41.1881 41.1778 41.1676 41.1573 41.1471 41.1368 41.1266 41.1163 41.1061 41.0958 41.0856 41.0753 41.065 41.0548 41.0445 41.0343 41.024 41.0138 41.0035 40.9933 40.983 40.9728 40.9625 40.9523 40.942 40.9317 40.9215 40.9112 40.901 40.8907 40.8805 40.8702 40.86 40.8497 40.8395 40.8292 40.819 40.8087 40.7984 40.7882 40.7779 40.7677 40.7574 40.7472 40.7369 40.7267 40.7164 40.7062 40.6959 40.6856 40.6754 40.6651 40.6549 40.6446 40.6344 40.6241 40.6139 40.6036 40.5934 40.5831 40.5729 40.5626 40.5523 40.5421 40.5318 40.5216 40.5113 40.5011 40.4908 40.4806 40.4703 40.4601 40.4498 40.4396 40.4293 40.419 40.4088
DoubleConic_SecondaryLV_4_Gold,800 799.2 798.4 797.6 796.8 796 795.2 794.4 793.6 792.8 792 791.2 790.4 789.6 788.8 788 787.2 786.4 785.6 784.8 784 783.2 782.4 781.6 780.8 780 779.2 778.4 777.6 776.8 776 775.2 774.4 773.6 772.8 772 771.2 770.4 769.6 768.8 768 767.2 766.4 765.6 764.8 764 763.2 762.4 761.6 760.8 760 759.2 758.4 757.6 756.8 756 755.2 754.4 753.6 752.8 752 751.2 750.4 749.6 748.8 748 747.2 746.4 745.6 744.8 744 743.2 742.4 741.6 740.8 740 739.2 738.4 737.6 736.8 736 735.2 734.4 733.6 732.8 732 731.2 730.4 729.6 728.8 728 727.2 726.4 725.6 724.8 724 723.2 722.4 721.6 720.8 720 719.2 718.4 717.6 716.8 716 715.2 714.4 713.6 712.8 712 711.2 710.4 709.6 708.8 708 707.2 706.4 705.6 704.8 704 703.2 702.4 701.6 700.8 700,40.4088 40.378 40.3472 40.3165 40.2857 40.2549 40.2241 40.1934 40.1626 40.1318 40.101 40.0703 40.0395 40.0087 39.9779 39.9472 39.9164 39.8856 39.8548 39.8241 39.7933 39.7625 39.7317 39.701 39.6702 39.6394 39.6086 39.5779 39.5471 39.5163 39.4855 39.4548 39.424 39.3932 39.3624 39.3317 39.3009 39.2701 39.2393 39.2085 39.1778 39.147 39.1162 39.0854 39.0547 39.0239 38.9931 38.9623 38.9316 38.9008 38.87 38.8392 38.8085 38.7777 38.7469 38.7161 38.6854 38.6546 38.6238 38.593 38.5623 38.5315 38.5007 38.4699 38.4392 38.4084 38.3776 38.3468 38.3161 38.2853 38.2545 38.2237 38.193 38.1622 38.1314 38.1006 38.0699 38.0391 38.0083 37.9775 37.9468 37.916 37.8852 37.8544 37.8237 37.7929 37.7621 37.7313 37.7006 37.6698 37.639 37.6082 37.5775 37.5467 37.5159 37.4851 37.4543 37.4236 37.3928 37.362 37.3312 37.3005 37.2697 37.2389 37.2081 37.1774 37.1466 37.1158 37.085 37.0543 37.0235 36.9927 36.9619 36.9312 36.9004 36.8696 36.8388 36.8081 36.7773 36.7465 36.7157 36.685 36.6542 36.6234 36.5926 36.5619
DoubleConic_PrimaryLV_5_Gold,900 899.2 898.4 897.6 896.8 896 895.2 894.4 893.6 892.8 892 891.2 890.4 889.6 888.8 888 887.2 886.4 885.6 884.8 884 883.2 882.4 881.6 880.8 880 879.2 878.4 877.6 876.8 876 875.2 874.4 873.6 872.8 872 871.2 870.4 869.6 868.8 868 867.2 866.4 865.6 864.8 864 863.2 862.4 861.6 860.8 860 859.2 858.4 857.6 856.8 856 855.2 854.4 853.6 852.8 852 851.2 850.4 849.6 848.8 848 847.2 846.4 845.6 844.8 844 843.2 842.4 841.6 840.8 840 839.2 838.4 837.6 836.8 836 835.2 834.4 833.6 832.8 832 831.2 830.4 829.6 828.8 828 827.2 826.4 825.6 824.8 824 823.2 822.4 821.6 820.8 820 819.2 818.4 817.6 816.8 816 815.2 814.4 813.6 812.8 812 811.2 810.4 809.6 808.8 808 807.2 806.4 805.6 804.8 804 803.2 802.4 801.6 800.8 800,40.3632 40.3532 40.3433 40.3334 40.3235 40.3135 40.3036 40.2937 40.2837 40.2738 40.2639 40.254 40.244 40.2341 40.2242 40.2142 40.2043 40.1944 40.1845 40.1745 40.1646 40.1547 40.1448 40.1348 40.1249 40.115 40.105 40.0951 40.0852 40.0753 40.0653 40.0554 40.0455 40.0355 40.0256 40.0157 40.0058 39.9958 39.9859 39.976 39.966 39.9561 39.9462 39.9363 39.9263 39.9164 39.9065 39.8966 39.8866 39.8767 39.8668 39.8568 39.8469 39.837 39.8271 39.8171 39.8072 39.7973 39.7873 39.7774 39.7675 39.7576 39.7476 39.7377 39.7278 39.7178 39.7079 39.698 39.6881 39.6781 39.6682 39.6583 39.6484 39.6384 39.6285 39.6186 39.6086 39.5987 39.5888 39.5789 39.5689 39.559 39.5491 39.5391 39.5292 39.5193 39.5094 39.4994 39.4895 39.4796 39.4696 39.4597 39.4498 39.4399 39.4299 39.42 39.4101 39.4001 39.3902 39.3803 39.3704 39.3604 39.3505 39.3406 39.3307 39.3207 39.3108 39.3009 39.2909 39.281 39.2711 39.2612 39.2512 39.2413 39.2314 39.2214 39.2115 39.2016 39.1917 39.1817 39.1718 39.1619 39.1519 39.142 39.1321 39.1222
DoubleConic_SecondaryLV_5_Gold,800 799.2 798.4 797.6 796.8 796 795.2 794.4 793.6 792.8 792 791.2 790.4 789.6 788.8 788 787.2 786.4 785.6 784.8 784 783.2 782.4 781.6 780.8 780 779.2 778.4 777.6 776.8 776 775.2 774.4 773.6 772.8 772 771.2 770.4 769.6 768.8 768 767.2 766.4 765.6 764.8 764 763.2 762.4 761.6 760.8 760 759.2 758.4 757.6 756.8 756 755.2 754.4 753.6 752.8 752 751.2 750.4 749.6 748.8 748 747.2 746.4 745.6 744.8 744 743.2 742.4 741.6 740.8 740 739.2 738.4 737.6 736.8 736 735.2 734.4 733.6 732.8 732 731.2 730.4 729.6 728.8 728 727.2 726.4 725.6 724.8 724 723.2 722.4 721.6 720.8 720 719.2 718.4 717.6 716.8 716 715.2 714.4 713.6 712.8 712 711.2 710.4 709.6 708.8 708 707.2 706.4 705.6 704.8 704 703.2 702.4 701.6 700.8 700,39.1222 39.0924 39.0626 39.0328 39.003 38.9732 38.9434 38.9136 38.8838 38.854 38.8242 38.7944 38.7646 38.7348 38.705 38.6752 38.6454 38.6156 38.5858 38.556 38.5262 38.4964 38.4666 38.4369 38.4071 38.3773 38.3475 38.3177 38.2879 38.2581 38.2283 38.1985 38.1687 38.1389 38.1091 38.0793 38.0495 38.0197 37.9899 37.9601 37.9303 37.9005 37.8707 37.8409 37.8111 37.7813 37.7515 37.7217 37.6919 37.6621 37.6324 37.6026 37.5728 37.543 37.5132 37.4834 37.4536 37.4238 37.394 37.3642 37.3344 37.3046 37.2748 37.245 37.2152 37.1854 37.1556 37.1258 37.096 37.0662 37.0364 37.0066 36.9768 36.947 36.9172 36.8874 36.8576 36.8279 36.7981 36.7683 36.7385 36.7087 36.6789 36.6491 36.6193 36.5895 36.5597 36.5299 36.5001 36.4703 36.4405 36.4107 36.3809 36.3511 36.3213 36.2915 36.2617 36.2319 36.2021 36.1723 36.1425 36.1127 36.0829 36.0531 36.0234 35.9936 35.9638 35.934 35.9042 35.8744 35.8446 35.8148 35.785 35.7552 35.7254 35.6956 35.6658 35.636 35.6062 35.5764 35.5466 35.5168 35.487 35.4572 35.4274 35.3976
DoubleConic_PrimaryLV_6_Gold,900 899.2 898.4 897.6 896.8 896 895.2 894.4 893.6 892.8 892 891.2 890.4 889.6 888.8 888 887.2 886.4 885.6 884.8 884 883.2 882.4 881.6 880.8 880 879.2 878.4 877.6 876.8 876 875.2 874.4 873.6 872.8 872 871.2 870.4 869.6 868.8 868 867.2 866.4 865.6 864.8 864 863.2 862.4 861.6 860.8 860 859.2 858.4 857.6 856.8 856 855.2 854.4 853.6 852.8 852 851.2 850.4 849.6 848.8 848 847.2 846.4 845.6 844.8 844 843.2 842.4 841.6 840.8 840 839.2 838.4 837.6 836.8 836 835.2 834.4 833.6 832.8 832 831.2 830.4 829.6 828.8 828 827.2 826.4 825.6 824.8 824 823.2 822.4 821.6 820.8 820 819.2 818.4 817.6 816.8 816 815.2 814.4 813.6 812.8 812 811.2 810.4 809.6 808.8 808 807.2 806.4 805.6 804.8 804 803.2 802.4 801.6 800.8 800,39.0358 39.0262 39.0166 39.007 38.9974 38.9878 38.9782 38.9686 38.959 38.9494 38.9398 38.9302 38.9206 38.911 38.9014 38.8918 38.8822 38.8726 38.863 38.8534 38.8438 38.8341 38.8245 38.8149 38.8053 38.7957 38.7861 38.7765 38.7669 38.7573 38.7477 38.7381 38.7285 38.7189 38.7093 38.6997 38.6901 38.6805 38.6709 38.6613 38.6517 38.6421 38.6325 38.6229 38.6133 38.6037 38.5941 38.5845 38.5749 38.5653 38.5557 38.5461 38.5365 38.5269 38.5173 38.5077 38.4981 38.4885 38.4789 38.4693 38.4597 38.4501 38.4405 38.4309 38.4213 38.4117 38.4021 38.3925 38.3829 38.3733 38.3637 38.354 38.3444 38.3348 38.3252 38.3156 38.306 38.2964 38.2868 38.2772 38.2676 38.258 38.2484 38.2388 38.2292 38.2196 38.21 38.2004 38.1908 38.1812 38.1716 38.162 38.1524 38.1428 38.1332 38.1236 38.114 38.1044 38.0948 38.0852 38.0756 38.066 38.0564 38.0468 38.0372 38.0276 38.018 38.0084 37.9988 37.9892 37.9796 37.97 37.9604 37.9508 37.9412 37.9316 37.922 37.9124 37.9028 37.8932 37.8836 37.8739 37.8643 37.8547 37.8451 37.8355
DoubleConic_SecondaryLV_6_Gold,800 799.2 798.4 797.6 796.8 796 795.2 794.4 793.6 792.8 792 791.2 790.4 789.6 788.8 788 787.2 786.4 785.6 784.8 784 783.2 782.4 781.6 780.8 780 779.2 778.4 777.6 776.8 776 775.2 774.4 773.6 772.8 772 771.2 770.4 769.6 768.8 768 767.2 766.4 765.6 764.8 764 763.2 762.4 761.6 760.8 760 759.2 758.4 757.6 756.8 756 755.2 754.4 753.6 752.8 752 751.2 750.4 749.6 748.8 748 747.2 746.4 745.6 744.8 744 743.2 742.4 741.6 740.8 740 739.2 738.4 737.6 736.8 736 735.2 734.4 733.6 732.8 732 731.2 730.4 729.6 728.8 728 727.2 726.4 725.6 724.8 724 723.2 722.4 721.6 720.8 720 719.2 718.4 717.6 716.8 716 715.2 714.4 713.6 712.8 712 711.2 710.4 709.6 708.8 708 707.2 706.4 705.6 704.8 704 703.2 702.4 701.6 700.8 700,37.8355 37.8067 37.7779 37.7491 37.7203 37.6915 37.6626 37.6338 37.605 37.5762 37.5474 37.5186 37.4897 37.4609 37.4321 37.4033 37.3745 37.3457 37.3168 37.288 37.2592 37.2304 37.2016 37.1727 37.1439 37.1151 37.0863 37.0575 37.0287 36.9998 36.971 36.9422 36.9134 36.8846 36.8558 36.8269 36.7981 36.7693 36.7405 36.7117 36.6829 36.654 36.6252 36.5964 36.5676 36.5388 36.51 36.4811 36.4523 36.4235 36.3947 36.3659 36.3371 36.3082 36.2794 36.2506 36.2218 36.193 36.1642 36.1353 36.1065 36.0777 36.0489 36.0201 35.9913 35.9624 35.9336 35.9048 35.876 35.8472 35.8183 35.7895 35.7607 35.7319 35.7031 35.6743 35.6454 35.6166 35.5878 35.559 35.5302 35.5014 35.4725 35.4437 35.4149 35.3861 35.3573 35.3285 35.2996 35.2708 35.242 35.2132 35.1844 35.1556 35.1267 35.0979 35.0691 35.0403 35.0115 34.9827 34.9538 34.925 34.8962 34.8674 34.8386 34.8098 34.7809 34.7521 34.7233 34.6945 34.6657 34.6368 34.608 34.5792 34.5504 34.5216 34.4928 34.4639 34.4351 34.4063 34.3775 34.3487 34.3199 34.291 34.2622 34.2334
DoubleConic_PrimaryLV_7_Gold,900 899.2 898.4 897.6 896.8 896 895.2 894.4 893.6 892.8 892 891.2 890.4 889.6 888.8 888 887.2 886.4 885.6 884.8 884 883.2 882.4 881.6 880.8 880 879.2 878.4 877.6 876.8 876 875.2 874.4 873.6 872.8 872 871.2 870.4 869.6 868.8 868 867.2 866.4 865.6 864.8 864 863.2 862.4 861.6 860.8 860 859.2 858.4 857.6 856.8 856 855.2 854.4 853.6 852.8 852 851.2 850.4 849.6 848.8 848 847.2 846.4 845.6 844.8 844 843.2 842.4 841.6 840.8 840 839.2 838.4 837.6 836.8 836 835.2 834.4 833.6 832.8 832 831.2 830.4 829.6 828.8 828 827.2 826.4 825.6 824.8 824 823.2 822.4 821.6 820.8 820 819.2 818.4 817.6 816.8 816 815.2 814.4 813.6 812.8 812 811.2 810.4 809.6 808.8 808 807.2 806.4 805.6 804.8 804 803.2 802.4 801.6 800.8 800,37.7084 37.6991 37.6899 37.6806 37.6713 37.662 37.6528 37.6435 37.6342 37.6249 37.6157 37.6064 37.5971 37.5878 37.5785 37.5693 37.56 37.5507 37.5414 37.5322 37.5229 37.5136 37.5043 37.4951 37.4858 37.4765 37.4672 37.458 37.4487 37.4394 37.4301 37.4209 37.4116 37.4023 37.393 37.3838 37.3745 37.3652 37.3559 37.3467 37.3374 37.3281 37.3188 37.3095 37.3003 37.291 37.2817 37.2724 37.2632 37.2539 37.2446 37.2353 37.2261 37.2168 37.2075 37.1982 37.189 37.1797 37.1704 37.1611 37.1519 37.1426 37.1333 37.124 37.1148 37.1055 37.0962 37.0869 37.0776 37.0684 37.0591 37.0498 37.0405 37.0313 37.022 37.0127 37.0034 36.9942 36.9849 36.9756 36.9663 36.9571 36.9478 36.9385 36.9292 36.92 36.9107 36.9014 36.8921 36.8829 36.8736 36.8643 36.855 36.8458 36.8365 36.8272 36.8179 36.8086 36.7994 36.7901 36.7808 36.7715 36.7623 36.753 36.7437 36.7344 36.7252 36.7159 36.7066 36.6973 36.6881 36.6788 36.6695 36.6602 36.651 36.6417 36.6324 36.6231 36.6139 36.6046 36.5953 36.586 36.5767 36.5675 36.5582 36.5489
DoubleConic_SecondaryLV_7_Gold,800 799.2 798.4 797.6 796.8 796 795.2 794.4 793.6 792.8 792 791.2 790.4 789.6 788.8 788 787.2 786.4 785.6 784.8 784 783.2 782.4 781.6 780.8 780 779.2 778.4 777.6 776.8 776 775.2 774.4 773.6 772.8 772 771.2 770.4 769.6 768.8 768 767.2 766.4 765.6 764.8 764 763.2 762.4 761.6 760.8 760 759.2 758.4 757.6 756.8 756 755.2 754.4 753.6 752.8 752 751.2 750.4 749.6 748.8 748 747.2 746.4 745.6 744.8 744 743.2 742.4 741.6 740.8 740 739.2 738.4 737.6 736.8 736 735.2 734.4 733.6 732.8 732 731.2 730.4 729.6 728.8 728 727.2 726.4 725.6 724.8 724 723.2 722.4 721.6 720.8 720 719.2 718.4 717.6 716.8 716 715.2 714.4 713.6 712.8 712 711.2 710.4 709.6 708.8 708 707.2 706.4 705.6 704.8 704 703.2 702.4 701.6 700.8 700,36.5489 36.5211 36.4932 36.4654 36.4376 36.4097 36.3819 36.3541 36.3262 36.2984 36.2705 36.2427 36.2149 36.187 36.1592 36.1314 36.1035 36.0757 36.0478 36.02 35.9922 35.9643 35.9365 35.9087 35.8808 35.853 35.8251 35.7973 35.7695 35.7416 35.7138 35.686 35.6581 35.6303 35.6024 35.5746 35.5468 35.5189 35.4911 35.4632 35.4354 35.4076 35.3797 35.3519 35.3241 35.2962 35.2684 35.2405 35.2127 35.1849 35.157 35.1292 35.1014 35.0735 35.0457 35.0178 34.99 34.9622 34.9343 34.9065 34.8787 34.8508 34.823 34.7951 34.7673 34.7395 34.7116 34.6838 34.656 34.6281 34.6003 34.5724 34.5446 34.5168 34.4889 34.4611 34.4333 34.4054 34.3776 34.3497 34.3219 34.2941 34.2662 34.2384 34.2105 34.1827 34.1549 34.127 34.0992 34.0714 34.0435 34.0157 33.9878 33.96 33.9322 33.9043 33.8765 33.8487 33.8208 33.793 33.7651 33.7373 33.7095 33.6816 33.6538 33.626 33.5981 33.5703 33.5424 33.5146 33.4868 33.4589 33.4311 33.4033 33.3754 33.3476 33.3197 33.2919 33.2641 33.2362 33.2084 33.1806 33.1527 33.1249 33.097 33.0692
DoubleConic_PrimaryLV_8_Gold,900 899.2 898.4 897.6 896.8 896 895.2 894.4 893.6 892.8 892 891.2 890.4 889.6 888.8 888 887.2 886.4 885.6 884.8 884 883.2 882.4 881.6 880.8 880 879.2 878.4 877.6 876.8 876 875.2 874.4 873.6 872.8 872 871.2 870.4 869.6 868.8 868 867.2 866.4 865.6 864.8 864 863.2 862.4 861.6 860.8 860 859.2 858.4 857.6 856.8 856 855.2 854.4 853.6 852.8 852 851.2 850.4 849.6 848.8 848 847.2 846.4 845.6 844.8 844 843.2 842.4 841.6 840.8 840 839.2 838.4 837.6 836.8 836 835.2 834.4 833.6 832.8 832 831.2 830.4 829.6 828.8 828 827.2 826.4 825.6 824.8 824 823.2 822.4 821.6 820.8 820 819.2 818.4 817.6 816.8 816 815.2 814.4 813.6 812.8 812 811.2 810.4 809.6 808.8 808 807.2 806.4 805.6 804.8 804 803.2 802.4 801.6 800.8 800,36.3809 36.372 36.363 36.3541 36.3451 36.3362 36.3272 36.3183 36.3093 36.3004 36.2914 36.2825 36.2735 36.2646 36.2556 36.2467 36.2377 36.2288 36.2198 36.2109 36.2019 36.193 36.184 36.1751 36.1661 36.1572 36.1482 36.1393 36.1303 36.1214 36.1124 36.1035 36.0945 36.0856 36.0766 36.0677 36.0587 36.0498 36.0408 36.0319 36.0229 36.014 36.005 35.9961 35.9871 35.9782 35.9692 35.9603 35.9513 35.9424 35.9334 35.9245 35.9155 35.9066 35.8976 35.8887 35.8797 35.8708 35.8618 35.8529 35.8439 35.835 35.826 35.8171 35.8081 35.7992 35.7902 35.7813 35.7723 35.7634 35.7544 35.7455 35.7365 35.7276 35.7186 35.7097 35.7007 35.6918 35.6828 35.6739 35.6649 35.656 35.647 35.6381 35.6291 35.6202 35.6112 35.6023 35.5933 35.5844 35.5754 35.5665 35.5575 35.5486 35.5396 35.5307 35.5217 35.5128 35.5038 35.4949 35.4859 35.477 35.468 35.4591 35.4501 35.4412 35.4323 35.4233 35.4144 35.4054 35.3965 35.3875 35.3786 35.3696 35.3607 35.3517 35.3428 35.3338 35.3249 35.3159 35.307 35.298 35.2891 35.2801 35.2712 35.2622
DoubleConic_SecondaryLV_8_Gold,800 799.2 798.4 797.6 796.8 796 795.2 794.4 793.6 792.8 792 791.2 790.4 789.6 788.8 788 787.2 786.4 785.6 784.8 784 783.2 782.4 781.6 780.8 780 779.2 778.4 777.6 776.8 776 775.2 774.4 773.6 772.8 772 771.2 770.4 769.6 768.8 768 767.2 766.4 765.6 764.8 764 763.2 762.4 761.6 760.8 760 759.2 758.4 757.6 756.8 756 755.2 754.4 753.6 752.8 752 751.2 750.4 749.6 748.8 748 747.2 746.4 745.6 744.8 744 743.2 742.4 741.6 740.8 740 739.2 738.4 737.6 736.8 736 735.2 734.4 733.6 732.8 732 731.2 730.4 729.6 728.8 728 727.2 726.4 725.6 724.8 724 723.2 722.4 721.6 720.8 720 719.2 718.4 717.6 716.8 716 715.2 714.4 713.6 712.8 712 711.2 710.4 709.6 708.8 708 707.2 706.4 705.6 704.8 704 703.2 702.4 701.6 700.8 700,35.2622 35.2353 35.2085 35.1816 35.1548 35.1279 35.1011 35.0742 35.0473 35.0205 34.9936 34.9668 34.9399 34.913 34.8862 34.8593 34.8325 34.8056 34.7788 34.7519 34.725 34.6982 34.6713 34.6445 34.6176 34.5907 34.5639 34.537 34.5102 34.4833 34.4565 34.4296 34.4027 34.3759 34.349 34.3222 34.2953 34.2684 34.2416 34.2147 34.1879 34.161 34.1342 34.1073 34.0804 34.0536 34.0267 33.9999 33.973 33.9461 33.9193 33.8924 33.8656 33.8387 33.8119 33.785 33.7581 33.7313 33.7044 33.6776 33.6507 33.6238 33.597 33.5701 33.5433 33.5164 33.4896 33.4627 33.4358 33.409 33.3821 33.3553 33.3284 33.3015 33.2747 33.2478 33.221 33.1941 33.1673 33.1404 33.1135 33.0867 33.0598 33.033 33.0061 32.9792 32.9524 32.9255 32.8987 32.8718 32.845 32.8181 32.7912 32.7644 32.7375 32.7107 32.6838 32.6569 32.6301 32.6032 32.5764 32.5495 32.5227 32.4958 32.4689 32.4421 32.4152 32.3884 32.3615 32.3346 32.3078 32.2809 32.2541 32.2272 32.2004 32.1735 32.1466 32.1198 32.0929 32.0661 32.0392 32.0123 31.9855 31.9586 31.9318 31.9049
DoubleConic_PrimaryLV_9_Gold,900 899.2 898.4 897.6 896.8 896 895.2 894.4 893.6 892.8 892 891.2 890.4 889.6 888.8 888 887.2 886.4 885.6 884.8 884 883.2 882.4 881.6 880.8 880 879.2 878.4 877.6 876.8 876 875.2 874.4 873.6 872.8 872 871.2 870.4 869.6 868.8 868 867.2 866.4 865.6 864.8 864 863.2 862.4 861.6 860.8 860 859.2 858.4 857.6 856.8 856 855.2 854.4 853.6 852.8 852 851.2 850.4 849.6 848.8 848 847.2 846.4 845.6 844.8 844 843.2 842.4 841.6 840.8 840 839.2 838.4 837.6 836.8 836 835.2 834.4 833.6 832.8 832 831.2 830.4 829.6 828.8 828 827.2 826.4 825.6 824.8 824 823.2 822.4 821.6 820.8 820 819.2 818.4 817.6 816.8 816 815.2 814.4 813.6 812.8 812 811.2 810.4 809.6 808.8 808 807.2 806.4 805.6 804.8 804 803.2 802.4 801.6 800.8 800,35.0534 35.0448 35.0362 35.0276 35.0189 35.0103 35.0017 34.9931 34.9845 34.9758 34.9672 34.9586 34.95 34.9413 34.9327 34.9241 34.9155 34.9068 34.8982 34.8896 34.881 34.8723 34.8637 34.8551 34.8465 34.8379 34.8292 34.8206 34.812 34.8034 34.7947 34.7861 34.7775 34.7689 34.7602 34.7516 34.743 34.7344 34.7257 34.7171 34.7085 34.6999 34.6913 34.6826 34.674 34.6654 34.6568 34.6481 34.6395 34.6309 34.6223 34.6136 34.605 34.5964 34.5878 34.5791 34.5705 34.5619 34.5533 34.5446 34.536 34.5274 34.5188 34.5102 34.5015 34.4929 34.4843 34.4757 34.467 34.4584 34.4498 34.4412 34.4325 34.4239 34.4153 34.4067 34.398 34.3894 34.3808 34.3722 34.3636 34.3549 34.3463 34.3377 34.3291 34.3204 34.3118 34.3032 34.2946 34.2859 34.2773 34.2687 34.2601 34.2514 34.2428 34.2342 34.2256 34.217 34.2083 34.1997 34.1911 34.1825 34.1738 34.1652 34.1566 34.148 34.1393 34.1307 34.1221 34.1135 34.1048 34.0962 34.0876 34.079 34.0704 34.0617 34.0531 34.0445 34.0359 34.0272 34.0186 34.01 34.0014 33.9927 33.9841 33.9755
DoubleConic_SecondaryLV_9_Gold,800 799.2 798.4 797.6 796.8 796 795.2 794.4 793.6 792.8 792 791.2 790.4 789.6 788.8 788 787.2 786.4 785.6 784.8 784 783.2 782.4 781.6 780.8 780 779.2 778.4 777.6 776.8 776 775.2 774.4 773.6 772.8 772 771.2 770.4 769.6 768.8 768 767.2 766.4 765.6 764.8 764 763.2 762.4 761.6 760.8 760 759.2 758.4 757.6 756.8 756 755.2 754.4 753.6 752.8 752 751.2 750.4 749.6 748.8 748 747.2 746.4 745.6 744.8 744 743.2 742.4 741.6 740.8 740 739.2 738.4 737.6 736.8 736 735.2 734.4 733.6 732.8 732 731.2 730.4 729.6 728.8 728 727.2 726.4 725.6 724.8 724 723.2 722.4 721.6 720.8 720 719.2 718.4 717.6 716.8 716 715.2 714.4 713.6 712.8 712 711.2 710.4 709.6 708.8 708 707.2 706.4 705.6 704.8 704 703.2 702.4 701.6 700.8 700,33.9755 33.9496 33.9237 33.8979 33.872 33.8461 33.8202 33.7943 33.7685 33.7426 33.7167 33.6908 33.6649 33.6391 33.6132 33.5873 33.5614 33.5356 33.5097 33.4838 33.4579 33.432 33.4062 33.3803 33.3544 33.3285 33.3026 33.2768 33.2509 33.225 33.1991 33.1732 33.1474 33.1215 33.0956 33.0697 33.0439 33.018 32.9921 32.9662 32.9403 32.9145 32.8886 32.8627 32.8368 32.8109 32.7851 32.7592 32.7333 32.7074 32.6815 32.6557 32.6298 32.6039 32.578 32.5522 32.5263 32.5004 32.4745 32.4486 32.4228 32.3969 32.371 32.3451 32.3192 32.2934 32.2675 32.2416 32.2157 32.1899 32.164 32.1381 32.1122 32.0863 32.0605 32.0346 32.0087 31.9828 31.9569 31.9311 31.9052 31.8793 31.8534 31.8275 31.8017 31.7758 31.7499 31.724 31.6982 31.6723 31.6464 31.6205 31.5946 31.5688 31.5429 31.517 31.4911 31.4652 31.4394 31.4135 31.3876 31.3617 31.3359 31.31 31.2841 31.2582 31.2323 31.2065 31.1806 31.1547 31.1288 31.1029 31.0771 31.0512 31.0253 30.9994 30.9735 30.9477 30.9218 30.8959 30.87 30.8442 30.8183 30.7924 30.7665 30.7406
DoubleConic_PrimaryLV_10_Gold,900 899.2 898.4 897.6 896.8 896 895.2 894.4 893.6 892.8 892 891.2 890.4 889.6 888.8 888 887.2 886.4 885.6 884.8 884 883.2 882.4 881.6 880.8 880 879.2 878.4 877.6 876.8 876 875.2 874.4 873.6 872.8 872 871.2 870.4 869.6 868.8 868 867.2 866.4 865.6 864.8 864 863.2 862.4 861.6 860.8 860 859.2 858.4 857.6 856.8 856 855.2 854.4 853.6 852.8 852 851.2 850.4 849.6 848.8 848 847.2 846.4 845.6 844.8 844 843.2 842.4 841.6 840.8 840 839.2 838.4 837.6 836.8 836 835.2 834.4 833.6 832.8 832 831.2 830.4 829.6 828.8 828 827.2 826.4 825.6 824.8 824 823.2 822.4 821.6 820.8 820 819.2 818.4 817.6 816.8 816 815.2 814.4 813.6 812.8 812 811.2 810.4 809.6 808.8 808 807.2 806.4 805.6 804.8 804 803.2 802.4 801.6 800.8 800,33.726 33.7177 33.7094 33.7011 33.6928 33.6845 33.6762 33.6679 33.6596 33.6513 33.643 33.6347 33.6264 33.6181 33.6098 33.6015 33.5932 33.5849 33.5766 33.5683 33.56 33.5517 33.5434 33.5351 33.5268 33.5185 33.5102 33.5019 33.4936 33.4853 33.477 33.4687 33.4604 33.4521 33.4438 33.4355 33.4272 33.4189 33.4107 33.4024 33.3941 33.3858 33.3775 33.3692 33.3609 33.3526 33.3443 33.336 33.3277 33.3194 33.3111 33.3028 33.2945 33.2862 33.2779 33.2696 33.2613 33.253 33.2447 33.2364 33.2281 33.2198 33.2115 33.2032 33.1949 33.1866 33.1783 33.17 33.1617 33.1534 33.1451 33.1368 33.1285 33.1202 33.1119 33.1036 33.0954 33.0871 33.0788 33.0705 33.0622 33.0539 33.0456 33.0373 33.029 33.0207 33.0124 33.0041 32.9958 32.9875 32.9792 32.9709 32.9626 32.9543 32.946 32.9377 32.9294 32.9211 32.9128 32.9045 32.8962 32.8879 32.8796 32.8713 32.863 32.8547 32.8464 32.8381 32.8298 32.8215 32.8132 32.8049 32.7966 32.7883 32.7801 32.7718 32.7635 32.7552 32.7469 32.7386 32.7303 32.722 32.7137 32.7054 32.6971 32.6888
DoubleConic_SecondaryLV_10_Gold,800 799.2 798.4 797.6 796.8 796 795.2 794.4 793.6 792.8 792 791.2 790.4 789.6 788.8 788 787.2 786.4 785.6 784.8 784 783.2 782.4 781.6 780.8 780 779.2 778.4 777.6 776.8 776 775.2 774.4 773.6 772.8 772 771.2 770.4 769.6 768.8 768 767.2 766.4 765.6 764.8 764 763.2 762.4 761.6 760.8 760 759.2 758.4 757.6 756.8 756 755.2 754.4 753.6 752.8 752 751.2 750.4 749.6 748.8 748 747.2 746.4 745.6 744.8 744 743.2 742.4 741.6 740.8 740 739.2 738.4 737.6 736.8 736 735.2 734.4 733.6 732.8 732 731.2 730.4 729.6 728.8 728 727.2 726.4 725.6 724.8 724 723.2 722.4 721.6 720.8 720 719.2 718.4 717.6 716.8 716 715.2 714.4 713.6 712.8 712 711.2 710.4 709.6 708.8 708 707.2 706.4 705.6 704.8 704 703.2 702.4 701.6 700.8 700,32.6888 32.6639 32.639 32.6141 32.5892 32.5643 32.5394 32.5145 32.4896 32.4647 32.4398 32.4149 32.39 32.3651 32.3402 32.3153 32.2904 32.2655 32.2406 32.2157 32.1908 32.1659 32.141 32.1161 32.0912 32.0663 32.0414 32.0165 31.9916 31.9667 31.9418 31.9169 31.892 31.8671 31.8422 31.8173 31.7924 31.7675 31.7426 31.7177 31.6928 31.6679 31.643 31.6181 31.5932 31.5683 31.5434 31.5185 31.4936 31.4687 31.4438 31.4189 31.394 31.3691 31.3442 31.3193 31.2944 31.2695 31.2446 31.2197 31.1948 31.1699 31.145 31.1201 31.0952 31.0703 31.0454 31.0205 30.9956 30.9707 30.9458 30.9209 30.896 30.8711 30.8462 30.8213 30.7964 30.7715 30.7466 30.7217 30.6968 30.6719 30.647 30.6221 30.5972 30.5723 30.5474 30.5225 30.4976 30.4727 30.4478 30.4229 30.398 30.3731 30.3482 30.3233 30.2985 30.2736 30.2487 30.2238 30.1989 30.174 30.1491 30.1242 30.0993 30.0744 30.0495 30.0246 29.9997 29.9748 29.9499 29.925 29.9001 29.8752 29.8503 29.8254 29.8005 29.7756 29.7507 29.7258 29.7009 29.676 29.6511 29.6262 29.6013 29.5764
DoubleConic_PrimaryLV_11_Gold,900 899.2 898.4 897.6 896.8 896 895.2 894.4 893.6 892.8 892 891.2 890.4 889.6 888.8 888 887.2 886.4 885.6 884.8 884 883.2 882.4 881.6 880.8 880 879.2 878.4 877.6 876.8 876 875.2 874.4 873.6 872.8 872 871.2 870.4 869.6 868.8 868 867.2 866.4 865.6 864.8 864 863.2 862.4 861.6 860.8 860 859.2 858.4 857.6 856.8 856 855.2 854.4 853.6 852.8 852 851.2 850.4 849.6 848.8 848 847.2 846.4 845.6 844.8 844 843.2 842.4 841.6 840.8 840 839.2 838.4 837.6 836.8 836 835.2 834.4 833.6 832.8 832 831.2 830.4 829.6 828.8 828 827.2 826.4 825.6 824.8 824 823.2 822.4 821.6 820.8 820 819.2 818.4 817.6 816.8 816 815.2 814.4 813.6 812.8 812 811.2 810.4 809.6 808.8 808 807.2 806.4 805.6 804.8 804 803.2 802.4 801.6 800.8 800,32.3985 32.3905 32.3825 32.3745 32.3666 32.3586 32.3506 32.3427 32.3347 32.3267 32.3187 32.3108 32.3028 32.2948 32.2869 32.2789 32.2709 32.263 32.255 32.247 32.239 32.2311 32.2231 32.2151 32.2072 32.1992 32.1912 32.1832 32.1753 32.1673 32.1593 32.1514 32.1434 32.1354 32.1274 32.1195 32.1115 32.1035 32.0956 32.0876 32.0796 32.0716 32.0637 32.0557 32.0477 32.0398 32.0318 32.0238 32.0158 32.0079 31.9999 31.9919 31.984 31.976 31.968 31.96 31.9521 31.9441 31.9361 31.9282 31.9202 31.9122 31.9043 31.8963 31.8883 31.8803 31.8724 31.8644 31.8564 31.8485 31.8405 31.8325 31.8245 31.8166 31.8086 31.8006 31.7927 31.7847 31.7767 31.7687 31.7608 31.7528 31.7448 31.7369 31.7289 31.7209 31.7129 31.705 31.697 31.689 31.6811 31.6731 31.6651 31.6571 31.6492 31.6412 31.6332 31.6253 31.6173 31.6093 31.6013 31.5934 31.5854 31.5774 31.5695 31.5615 31.5535 31.5456 31.5376 31.5296 31.5216 31.5137 31.5057 31.4977 31.4898 31.4818 31.4738 31.4658 31.4579 31.4499 31.4419 31.434 31.426 31.418 31.41 31.4021
DoubleConic_SecondaryLV_11_Gold,800 799.2 798.4 797.6 796.8 796 795.2 794.4 793.6 792.8 792 791.2 790.4 789.6 788.8 788 787.2 786.4 785.6 784.8 784 783.2 782.4 781.6 780.8 780 779.2 778.4 777.6 776.8 776 775.2 774.4 773.6 772.8 772 771.2 770.4 769.6 768.8 768 767.2 766.4 765.6 764.8 764 763.2 762.4 761.6 760.8 760 759.2 758.4 757.6 756.8 756 755.2 754.4 753.6 752.8 752 751.2 750.4 749.6 748.8 748 747.2 746.4 745.6 744.8 744 743.2 742.4 741.6 740.8 740 739.2 738.4 737.6 736.8 736 735.2 734.4 733.6 732.8 732 731.2 730.4 729.6 728.8 728 727.2 726.4 725.6 724.8 724 723.2 722.4 721.6 720.8 720 719.2 718.4 717.6 716.8 716 715.2 714.4 713.6 712.8 712 711.2 710.4 709.6 708.8 708 707.2 706.4 705.6 704.8 704 703.2 702.4 701.6 700.8 700,31.4021 31.3782 31.3542 31.3303 31.3064 31.2825 31.2586 31.2346 31.2107 31.1868 31.1629 31.139 31.115 31.0911 31.0672 31.0433 31.0194 30.9954 30.9715 30.9476 30.9237 30.8998 30.8758 30.8519 30.828 30.8041 30.7802 30.7562 30.7323 30.7084 30.6845 30.6606 30.6366 30.6127 30.5888 30.5649 30.541 30.517 30.4931 30.4692 30.4453 30.4214 30.3974 30.3735 30.3496 30.3257 30.3018 30.2778 30.2539 30.23 30.2061 30.1822 30.1582 30.1343 30.1104 30.0865 30.0626 30.0387 30.0147 29.9908 29.9669 29.943 29.9191 29.8951 29.8712 29.8473 29.8234 29.7995 29.7755 29.7516 29.7277 29.7038 29.6799 29.6559 29.632 29.6081 29.5842 29.5603 29.5363 29.5124 29.4885 29.4646 29.4407 29.4167 29.3928 29.3689 29.345 29.3211 29.2971 29.2732 29.2493 29.2254 29.2015 29.1775 29.1536 29.1297 29.1058 29.0819 29.0579 29.034 29.0101 28.9862 28.9623 28.9383 28.9144 28.8905 28.8666 28.8427 28.8187 28.7948 28.7709 28.747 28.7231 28.6992 28.6752 28.6513 28.6274 28.6035 28.5796 28.5556 28.5317 28.5078 28.4839 28.46 28.436 28.4121
DoubleConic_PrimaryLV_12_Gold,900 899.2 898.4 897.6 896.8 896 895.2 894.4 893.6 892.8 892 891.2 890.4 889.6 888.8 888 887.2 886.4 885.6 884.8 884 883.2 882.4 881.6 880.8 880 879.2 878.4 877.6 876.8 876 875.2 874.4 873.6 872.8 872 871.2 870.4 869.6 868.8 868 867.2 866.4 865.6 864.8 864 863.2 862.4 861.6 860.8 860 859.2 858.4 857.6 856.8 856 855.2 854.4 853.6 852.8 852 851.2 850.4 849.6 848.8 848 847.2 846.4 845.6 844.8 844 843.2 842.4 841.6 840.8 840 839.2 838.4 837.6 836.8 836 835.2 834.4 833.6 832.8 832 831.2 830.4 829.6 828.8 828 827.2 826.4 825.6 824.8 824 823.2 822.4 821.6 820.8 820 819.2 818.4 817.6 816.8 816 815.2 814.4 813.6 812.8 812 811.2 810.4 809.6 808.8 808 807.2 806.4 805.6 804.8 804 803.2 802.4 801.6 800.8 800,31.071 31.0633 31.0557 31.048 31.0404 31.0327 31.0251 31.0175 31.0098 31.0022 30.9945 30.9869 30.9792 30.9716 30.9639 30.9563 30.9486 30.941 30.9334 30.9257 30.9181 30.9104 30.9028 30.8951 30.8875 30.8798 30.8722 30.8646 30.8569 30.8493 30.8416 30.834 30.8263 30.8187 30.811 30.8034 30.7958 30.7881 30.7805 30.7728 30.7652 30.7575 30.7499 30.7422 30.7346 30.727 30.7193 30.7117 30.704 30.6964 30.6887 30.6811 30.6734 30.6658 30.6581 30.6505 30.6429 30.6352 30.6276 30.6199 30.6123 30.6046 30.597 30.5893 30.5817 30.5741 30.5664 30.5588 30.5511 30.5435 30.5358 30.5282 30.5205 30.5129 30.5053 30.4976 30.49 30.4823 30.4747 30.467 30.4594 30.4517 30.4441 30.4364 30.4288 30.4212 30.4135 30.4059 30.3982 30.3906 30.3829 30.3753 30.3676 30.36 30.3524 30.3447 30.3371 30.3294 30.3218 30.3141 30.3065 30.2988 30.2912 30.2836 30.2759 30.2683 30.2606 30.253 30.2453 30.2377 30.23 30.2224 30.2147 30.2071 30.1995 30.1918 30.1842 30.1765 30.1689 30.1612 30.1536 30.1459 30.1383 30.1307 30.123 30.1154
DoubleConic_SecondaryLV_12_Gold,800 799.2 798.4 797.6 796.8 796 795.2 794.4 793.6 792.8 792 791.2 790.4 789.6 788.8 788 787.2 786.4 785.6 784.8 784 783.2 782.4 781.6 780.8 780 779.2 778.4 777.6 776.8 776 775.2 774.4 773.6 772.8 772 771.2 770.4 769.6 768.8 768 767.2 766.4 765.6 764.8 764 763.2 762.4 761.6 760.8 760 759.2 758.4 757.6 756.8 756 755.2 754.4 753.6 752.8 752 751.2 750.4 749.6 748.8 748 747.2 746.4 745.6 744.8 744 743.2 742.4 741.6 740.8 740 739.2 738.4 737.6 736.8 736 735.2 734.4 733.6 732.8 732 731.2 730.4 729.6 728.8 728 727.2 726.4 725.6 724.8 724 723.2 722.4 721.6 720.8 720 719.2 718.4 717.6 716.8 716 715.2 714.4 713.6 712.8 712 711.2 710.4 709.6 708.8 708 707.2 706.4 705.6 704.8 704 703.2 702.4 701.6 700.8 700,30.1154 30.0924 30.0695 30.0465 30.0236 30.0007 29.9777 29.9548 29.9318 29.9089 29.886 29.863 29.8401 29.8171 29.7942 29.7713 29.7483 29.7254 29.7024 29.6795 29.6566 29.6336 29.6107 29.5877 29.5648 29.5419 29.5189 29.496 29.473 29.4501 29.4272 29.4042 29.3813 29.3583 29.3354 29.3125 29.2895 29.2666 29.2436 29.2207 29.1978 29.1748 29.1519 29.1289 29.106 29.0831 29.0601 29.0372 29.0142 28.9913 28.9684 28.9454 28.9225 28.8995 28.8766 28.8537 28.8307 28.8078 28.7848 28.7619 28.739 28.716 28.6931 28.6701 28.6472 28.6243 28.6013 28.5784 28.5554 28.5325 28.5096 28.4866 28.4637 28.4407 28.4178 28.3949 28.3719 28.349 28.326 28.3031 28.2802 28.2572 28.2343 28.2113 28.1884 28.1655 28.1425 28.1196 28.0966 28.0737 28.0508 28.0278 28.0049 27.9819 27.959 27.9361 27.9131 27.8902 27.8672 27.8443 27.8214 27.7984 27.7755 27.7525 27.7296 27.7067 27.6837 27.6608 27.6378 27.6149 27.592 27.569 27.5461 27.5231 27.5002 27.4773 27.4543 27.4314 27.4084 27.3855 27.3626 27.3396 27.3167 27.2937 27.2708 27.2479
DoubleConic_PrimaryLV_13_Gold,900 899.2 898.4 897.6 896.8 896 895.2 894.4 893.6 892.8 892 891.2 890.4 889.6 888.8 888 887.2 886.4 885.6 884.8 884 883.2 882.4 881.6 880.8 880 879.2 878.4 877.6 876.8 876 875.2 874.4 873.6 872.8 872 871.2 870.4 869.6 868.8 868 867.2 866.4 865.6 864.8 864 863.2 862.4 861.6 860.8 860 859.2 858.4 857.6 856.8 856 855.2 854.4 853.6 852.8 852 851.2 850.4 849.6 848.8 848 847.2 846.4 845.6 844.8 844 843.2 842.4 841.6 840.8 840 839.2 838.4 837.6 836.8 836 835.2 834.4 833.6 832.8 832 831.2 830.4 829.6 828.8 828 827.2 826.4 825.6 824.8 824 823.2 822.4 821.6 820.8 820 819.2 818.4 817.6 816.8 816 815.2 814.4 813.6 812.8 812 811.2 810.4 809.6 808.8 808 807.2 806.4 805.6 804.8 804 803.2 802.4 801.6 800.8 800,29.7435 29.7362 29.7288 29.7215 29.7142 29.7069 29.6996 29.6922 29.6849 29.6776 29.6703 29.663 29.6556 29.6483 29.641 29.6337 29.6264 29.6191 29.6117 29.6044 29.5971 29.5898 29.5825 29.5751 29.5678 29.5605 29.5532 29.5459 29.5386 29.5312 29.5239 29.5166 29.5093 29.502 29.4946 29.4873 29.48 29.4727 29.4654 29.458 29.4507 29.4434 29.4361 29.4288 29.4215 29.4141 29.4068 29.3995 29.3922 29.3849 29.3775 29.3702 29.3629 29.3556 29.3483 29.341 29.3336 29.3263 29.319 29.3117 29.3044 29.297 29.2897 29.2824 29.2751 29.2678 29.2605 29.2531 29.2458 29.2385 29.2312 29.2239 29.2165 29.2092 29.2019 29.1946 29.1873 29.1799 29.1726 29.1653 29.158 29.1507 29.1434 29.136 29.1287 29.1214 29.1141 29.1068 29.0994 29.0921 29.0848 29.0775 29.0702 29.0629 29.0555 29.0482 29.0409 29.0336 29.0263 29.0189 29.0116 29.0043 28.997 28.9897 28.9824 28.975 28.9677 28.9604 28.9531 28.9458 28.9384 28.9311 28.9238 28.9165 28.9092 28.9018 28.8945 28.8872 28.8799 28.8726 28.8653 28.8579 28.8506 28.8433 28.836 28.8287
DoubleConic_SecondaryLV_13_Gold,800 799.2 798.4 797.6 796.8 796 795.2 794.4 793.6 792.8 792 791.2 790.4 789.6 788.8 788 787.2 786.4 785.6 784.8 784 783.2 782.4 781.6 780.8 780 779.2 778.4 777.6 776.8 776 775.2 774.4 773.6 772.8 772 771.2 770.4 769.6 768.8 768 767.2 766.4 765.6 764.8 764 763.2 762.4 761.6 760.8 760 759.2 758.4 757.6 756.8 756 755.2 754.4 753.6 752.8 752 751.2 750.4 749.6 748.8 748 747.2 746.4 745.6 744.8 744 743.2 742.4 741.6 740.8 740 739.2 738.4 737.6 736.8 736 735.2 734.4 733.6 732.8 732 731.2 730.4 729.6 728.8 728 727.2 726.4 725.6 724.8 724 723.2 722.4 721.6 720.8 720 719.2 718.4 717.6 716.8 716 715.2 714.4 713.6 712.8 712 711.2 710.4 709.6 708.8 708 707.2 706.4 705.6 704.8 704 703.2 702.4 701.6 700.8 700,28.8287 28.8067 28.7847 28.7628 28.7408 28.7189 28.6969 28.6749 28.653 28.631 28.6091 28.5871 28.5651 28.5432 28.5212 28.4993 28.4773 28.4553 28.4334 28.4114 28.3895 28.3675 28.3455 28.3236 28.3016 28.2797 28.2577 28.2357 28.2138 28.1918 28.1699 28.1479 28.1259 28.104 28.082 28.0601 28.0381 28.0161 27.9942 27.9722 27.9503 27.9283 27.9063 27.8844 27.8624 27.8405 27.8185 27.7965 27.7746 27.7526 27.7306 27.7087 27.6867 27.6648 27.6428 27.6208 27.5989 27.5769 27.555 27.533 27.511 27.4891 27.4671 27.4452 27.4232 27.4012 27.3793 27.3573 27.3354 27.3134 27.2914 27.2695 27.2475 27.2256 27.2036 27.1816 27.1597 27.1377 27.1158 27.0938 27.0718 27.0499 27.0279 27.006 26.984 26.962 26.9401 26.9181 26.8962 26.8742 26.8522 26.8303 26.8083 26.7864 26.7644 26.7424 26.7205 26.6985 26.6766 26.6546 26.6326 26.6107 26.5887 26.5668 26.5448 26.5228 26.5009 26.4789 26.457 26.435 26.413 26.3911 26.3691 26.3472 26.3252 26.3032 26.2813 26.2593 26.2374 26.2154 26.1934 26.1715 26.1495 26.1276 26.1056 26.0836
DoubleConic_PrimaryLV_14_Gold,900 899.2 898.4 897.6 896.8 896 895.2 894.4 893.6 892.8 892 891.2 890.4 889.6 888.8 888 887.2 886.4 885.6 884.8 884 883.2 882.4 881.6 880.8 880 879.2 878.4 877.6 876.8 876 875.2 874.4 873.6 872.8 872 871.2 870.4 869.6 868.8 868 867.2 866.4 865.6 864.8 864 863.2 862.4 861.6 860.8 860 859.2 858.4 857.6 856.8 856 855.2 854.4 853.6 852.8 852 851.2 850.4 849.6 848.8 848 847.2 846.4 845.6 844.8 844 843.2 842.4 841.6 840.8 840 839.2 838.4 837.6 836.8 836 835.2 834.4 833.6 832.8 832 831.2 830.4 829.6 828.8 828 827.2 826.4 825.6 824.8 824 823.2 822.4 821.6 820.8 820 819.2 818.4 817.6 816.8 816 815.2 814.4 813.6 812.8 812 811.2 810.4 809.6 808.8 808 807.2 806.4 805.6 804.8 804 803.2 802.4 801.6 800.8 800,28.416 28.409 28.402 28.395 28.388 28.381 28.374 28.367 28.36 28.353 28.346 28.3391 28.3321 28.3251 28.3181 28.3111 28.3041 28.2971 28.2901 28.2831 28.2761 28.2691 28.2621 28.2552 28.2482 28.2412 28.2342 28.2272 28.2202 28.2132 28.2062 28.1992 28.1922 28.1852 28.1782 28.1712 28.1643 28.1573 28.1503 28.1433 28.1363 28.1293 28.1223 28.1153 28.1083 28.1013 28.0943 28.0873 28.0804 28.0734 28.0664 28.0594 28.0524 28.0454 28.0384 28.0314 28.0244 28.0174 28.0104 28.0034 27.9964 27.9895 27.9825 27.9755 27.9685 27.9615 27.9545 27.9475 27.9405 27.9335 27.9265 27.9195 27.9125 27.9055 27.8986 27.8916 27.8846 27.8776 27.8706 27.8636 27.8566 27.8496 27.8426 27.8356 27.8286 27.8216 27.8147 27.8077 27.8007 27.7937 27.7867 27.7797 27.7727 27.7657 27.7587 27.7517 27.7447 27.7377 27.7307 27.7238 27.7168 27.7098 27.7028 27.6958 27.6888 27.6818 27.6748 27.6678 27.6608 27.6538 27.6468 27.6399 27.6329 27.6259 27.6189 27.6119 27.6049 27.5979 27.5909 27.5839 27.5769 27.5699 27.5629 27.5559 27.549 27.542
DoubleConic_SecondaryLV_14_Gold,800 799.2 798.4 797.6 796.8 796 795.2 794.4 793.6 792.8 792 791.2 790.4 789.6 788.8 788 787.2 786.4 785.6 784.8 784 783.2 782.4 781.6 780.8 780 779.2 778.4 777.6 776.8 776 775.2 774.4 773.6 772.8 772 771.2 770.4 769.6 768.8 768 767.2 766.4 765.6 764.8 764 763.2 762.4 761.6 760.8 760 759.2 758.4 757.6 756.8 756 755.2 754.4 753.6 752.8 752 751.2 750.4 749.6 748.8 748 747.2 746.4 745.6 744.8 744 743.2 742.4 741.6 740.8 740 739.2 738.4 737.6 736.8 736 735.2 734.4 733.6 732.8 732 731.2 730.4 729.6 728.8 728 727.2 726.4 725.6 724.8 724 723.2 722.4 721.6 720.8 720 719.2 718.4 717.6 716.8 716 715.2 714.4 713.6 712.8 712 711.2 710.4 709.6 708.8 708 707.2 706.4 705.6 704.8 704 703.2 702.4 701.6 700.8 700,27.542 27.521 27.5 27.479 27.458 27.4371 27.4161 27.3951 27.3741 27.3531 27.3322 27.3112 27.2902 27.2692 27.2482 27.2273 27.2063 27.1853 27.1643 27.1433 27.1224 27.1014 27.0804 27.0594 27.0384 27.0174 26.9965 26.9755 26.9545 26.9335 26.9125 26.8916 26.8706 26.8496 26.8286 26.8076 26.7867 26.7657 26.7447 26.7237 26.7027 26.6818 26.6608 26.6398 26.6188 26.5978 26.5769 26.5559 26.5349 26.5139 26.4929 26.472 26.451 26.43 26.409 26.388 26.3671 26.3461 26.3251 26.3041 26.2831 26.2622 26.2412 26.2202 26.1992 26.1782 26.1572 26.1363 26.1153 26.0943 26.0733 26.0523 26.0314 26.0104 25.9894 25.9684 25.9474 25.9265 25.9055 25.8845 25.8635 25.8425 25.8216 25.8006 25.7796 25.7586 25.7376 25.7167 25.6957 25.6747 25.6537 25.6327 25.6118 25.5908 25.5698 25.5488 25.5278 25.5069 25.4859 25.4649 25.4439 25.4229 25.402 25.381 25.36 25.339 25.318 25.2971 25.2761 25.2551 25.2341 25.2131 25.1921 25.1712 25.1502 25.1292 25.1082 25.0872 25.0663 25.0453 25.0243 25.0033 24.9823 24.9614 24.9404 24.9194
DoubleConic_PrimaryLV_15_Gold,900 899.2 898.4 897.6 896.8 896 895.2 894.4 893.6 892.8 892 891.2 890.4 889.6 888.8 888 887.2 886.4 885.6 884.8 884 883.2 882.4 881.6 880.8 880 879.2 878.4 877.6 876.8 876 875.2 874.4 873.6 872.8 872 871.2 870.4 869.6 868.8 868 867.2 866.4 865.6 864.8 864 863.2 862.4 861.6 860.8 860 859.2 858.4 857.6 856.8 856 855.2 854.4 853.6 852.8 852 851.2 850.4 849.6 848.8 848 847.2 846.4 845.6 844.8 844 843.2 842.4 841.6 840.8 840 839.2 838.4 837.6 836.8 836 835.2 834.4 833.6 832.8 832 831.2 830.4 829.6 828.8 828 827.2 826.4 825.6 824.8 824 823.2 822.4 821.6 820.8 820 819.2 818.4 817.6 816.8 816 815.2 814.4 813.6 812.8 812 811.2 810.4 809.6 808.8 808 807.2 806.4 805.6 804.8 804 803.2 802.4 801.6 800.8 800,27.0885 27.0818 27.0751 27.0685 27.0618 27.0551 27.0485 27.0418 27.0351 27.0285 27.0218 27.0151 27.0085 27.0018 26.9952 26.9885 26.9818 26.9752 26.9685 26.9618 26.9552 26.9485 26.9418 26.9352 26.9285 26.9218 26.9152 26.9085 26.9018 26.8952 26.8885 26.8818 26.8752 26.8685 26.8618 26.8552 26.8485 26.8418 26.8352 26.8285 26.8218 26.8152 26.8085 26.8018 26.7952 26.7885 26.7818 26.7752 26.7685 26.7619 26.7552 26.7485 26.7419 26.7352 26.7285 26.7219 26.7152 26.7085 26.7019 26.6952 26.6885 26.6819 26.6752 26.6685 26.6619 26.6552 26.6485 26.6419 26.6352 26.6285 26.6219 26.6152 26.6085 26.6019 26.5952 26.5885 26.5819 26.5752 26.5685 26.5619 26.5552 26.5486 26.5419 26.5352 26.5286 26.5219 26.5152 26.5086 26.5019 26.4952 26.4886 26.4819 26.4752 26.4686 26.4619 26.4552 26.4486 26.4419 26.4352 26.4286 26.4219 26.4152 26.4086 26.4019 26.3952 26.3886 26.3819 26.3752 26.3686 26.3619 26.3552 26.3486 26.3419 26.3353 26.3286 26.3219 26.3153 26.3086 26.3019 26.2953 26.2886 26.2819 26.2753 26.2686 26.2619 26.2553
DoubleConic_SecondaryLV_15_Gold,800 799.2 798.4 797.6 796.8 796 795.2 794.4 793.6 792.8 792 791.2 790.4 789.6 788.8 788 787.2 786.4 785.6 784.8 784 783.2 782.4 781.6 780.8 780 779.2 778.4 777.6 776.8 776 775.2 774.4 773.6 772.8 772 771.2 770.4 769.6 768.8 768 767.2 766.4 765.6 764.8 764 763.2 762.4 761.6 760.8 760 759.2 758.4 757.6 756.8 756 755.2 754.4 753.6 752.8 752 751.2 750.4 749.6 748.8 748 747.2 746.4 745.6 744.8 744 743.2 742.4 741.6 740.8 740 739.2 738.4 737.6 736.8 736 735.2 734.4 733.6 732.8 732 731.2 730.4 729.6 728.8 728 727.2 726.4 725.6 724.8 724 723.2 722.4 721.6 720.8 720 719.2 718.4 717.6 716.8 716 715.2 714.4 713.6 712.8 712 711.2 710.4 709.6 708.8 708 707.2 706.4 705.6 704.8 704 703.2 702.4 701.6 700.8 700,26.2553 26.2353 26.2153 26.1953 26.1753 26.1553 26.1353 26.1153 26.0953 26.0753 26.0553 26.0353 26.0153 25.9953 25.9753 25.9553 25.9353 25.9153 25.8953 25.8753 25.8552 25.8352 25.8152 25.7952 25.7752 25.7552 25.7352 25.7152 25.6952 25.6752 25.6552 25.6352 25.6152 25.5952 25.5752 25.5552 25.5352 25.5152 25.4952 25.4752 25.4552 25.4352 25.4152 25.3952 25.3752 25.3552 25.3352 25.3152 25.2952 25.2752 25.2552 25.2352 25.2152 25.1952 25.1752 25.1552 25.1352 25.1152 25.0952 25.0752 25.0552 25.0352 25.0152 24.9952 24.9752 24.9552 24.9352 24.9152 24.8952 24.8752 24.8552 24.8352 24.8152 24.7952 24.7752 24.7552 24.7352 24.7152 24.6952 24.6752 24.6552 24.6352 24.6152 24.5952 24.5752 24.5552 24.5352 24.5152 24.4952 24.4752 24.4552 24.4352 24.4152 24.3952 24.3752 24.3552 24.3352 24.3152 24.2952 24.2752 24.2552 24.2352 24.2152 24.1952 24.1752 24.1552 24.1352 24.1152 24.0952 24.0752 24.0552 24.0352 24.0152 23.9952 23.9752 23.9552 23.9352 23.9152 23.8952 23.8752 23.8552 23.8352 23.8152 23.7952 23.7752 23.7552
DoubleConic_PrimaryLV_16_Gold,900 899.2 898.4 897.6 896.8 896 895.2 894.4 893.6 892.8 892 891.2 890.4 889.6 888.8 888 887.2 886.4 885.6 884.8 884 883.2 882.4 881.6 880.8 880 879.2 878.4 877.6 876.8 876 875.2 874.4 873.6 872.8 872 871.2 870.4 869.6 868.8 868 867.2 866.4 865.6 864.8 864 863.2 862.4 861.6 860.8 860 859.2 858.4 857.6 856.8 856 855.2 854.4 853.6 852.8 852 851.2 850.4 849.6 848.8 848 847.2 846.4 845.6 844.8 844 843.2 842.4 841.6 840.8 840 839.2 838.4 837.6 836.8 836 835.2 834.4 833.6 832.8 832 831.2 830.4 829.6 828.8 828 827.2 826.4 825.6 824.8 824 823.2 822.4 821.6 820.8 820 819.2 818.4 817.6 816.8 816 815.2 814.4 813.6 812.8 812 811.2 810.4 809.6 808.8 808 807.2 806.4 805.6 804.8 804 803.2 802.4 801.6 800.8 800,25.761 25.7546 25.7483 25.7419 25.7356 25.7293 25.7229 25.7166 25.7103 25.7039 25.6976 25.6912 25.6849 25.6786 25.6722 25.6659 25.6595 25.6532 25.6469 25.6405 25.6342 25.6278 25.6215 25.6152 25.6088 25.6025 25.5961 25.5898 25.5835 25.5771 25.5708 25.5645 25.5581 25.5518 25.5454 25.5391 25.5328 25.5264 25.5201 25.5137 25.5074 25.5011 25.4947 25.4884 25.482 25.4757 25.4694 25.463 25.4567 25.4503 25.444 25.4377 25.4313 25.425 25.4186 25.4123 25.406 25.3996 25.3933 25.387 25.3806 25.3743 25.3679 25.3616 25.3553 25.3489 25.3426 25.3362 25.3299 25.3236 25.3172 25.3109 25.3045 25.2982 25.2919 25.2855 25.2792 25.2728 25.2665 25.2602 25.2538 25.2475 25.2412 25.2348 25.2285 25.2221 25.2158 25.2095 25.2031 25.1968 25.1904 25.1841 25.1778 25.1714 25.1651 25.1587 25.1524 25.1461 25.1397 25.1334 25.127 25.1207 25.1144 25.108 25.1017 25.0954 25.089 25.0827 25.0763 25.07 25.0637 25.0573 25.051 25.0446 25.0383 25.032 25.0256 25.0193 25.0129 25.0066 25.0003 24.9939 24.9876 24.9812 24.9749 24.9686
DoubleConic_SecondaryLV_16_Gold,800 799.2 798.4 797.6 796.8 796 795.2 794.4 793.6 792.8 792 791.2 790.4 789.6 788.8 788 787.2 786.4 785.6 784.8 784 783.2 782.4 781.6 780.8 780 779.2 778.4 777.6 776.8 776 775.2 774.4 773.6 772.8 772 771.2 770.4 769.6 768.8 768 767.2 766.4 765.6 764.8 764 763.2 762.4 761.6 760.8 760 759.2 758.4 757.6 756.8 756 755.2 754.4 753.6 752.8 752 751.2 750.4 749.6 748.8 748 747.2 746.4 745.6 744.8 744 743.2 742.4 741.6 740.8 740 739.2 738.4 737.6 736.8 736 735.2 734.4 733.6 732.8 732 731.2 730.4 729.6 728.8 728 727.2 726.4 725.6 724.8 724 723.2 722.4 721.6 720.8 720 719.2 718.4 717.6 716.8 716 715.2 714.4 713.6 712.8 712 711.2 710.4 709.6 708.8 708 707.2 706.4 705.6 704.8 704 703.2 702.4 701.6 700.8 700,24.9686 24.9495 24.9305 24.9115 24.8925 24.8735 24.8544 24.8354 24.8164 24.7974 24.7784 24.7593 24.7403 24.7213 24.7023 24.6833 24.6642 24.6452 24.6262 24.6072 24.5882 24.5691 24.5501 24.5311 24.5121 24.493 24.474 24.455 24.436 24.417 24.3979 24.3789 24.3599 24.3409 24.3219 24.3028 24.2838 24.2648 24.2458 24.2268 24.2077 24.1887 24.1697 24.1507 24.1317 24.1126 24.0936 24.0746 24.0556 24.0365 24.0175 23.9985 23.9795 23.9605 23.9414 23.9224 23.9034 23.8844 23.8654 23.8463 23.8273 23.8083 23.7893 23.7703 23.7512 23.7322 23.7132 23.6942 23.6752 23.6561 23.6371 23.6181 23.5991 23.58 23.561 23.542 23.523 23.504 23.4849 23.4659 23.4469 23.4279 23.4089 23.3898 23.3708 23.3518 23.3328 23.3138 23.2947 23.2757 23.2567 23.2377 23.2187 23.1996 23.1806 23.1616 23.1426 23.1235 23.1045 23.0855 23.0665 23.0475 23.0284 23.0094 22.9904 22.9714 22.9524 22.9333 22.9143 22.8953 22.8763 22.8573 22.8382 22.8192 22.8002 22.7812 22.7622 22.7431 22.7241 22.7051 22.6861 22.6671 22.648 22.629 22.61 22.591
DoubleConic_PrimaryLV_17_Gold,900 899.2 898.4 897.6 896.8 896 895.2 894.4 893.6 892.8 892 891.2 890.4 889.6 888.8 888 887.2 886.4 885.6 884.8 884 883.2 882.4 881.6 880.8 880 879.2 878.4 877.6 876.8 876 875.2 874.4 873.6 872.8 872 871.2 870.4 869.6 868.8 868 867.2 866.4 865.6 864.8 864 863.2 862.4 861.6 860.8 860 859.2 858.4 857.6 856.8 856 855.2 854.4 853.6 852.8 852 851.2 850.4 849.6 848.8 848 847.2 846.4 845.6 844.8 844 843.2 842.4 841.6 840.8 840 839.2 838.4 837.6 836.8 836 835.2 834.4 833.6 832.8 832 831.2 830.4 829.6 828.8 828 827.2 826.4 825.6 824.8 824 823.2 822.4 821.6 820.8 820 819.2 818.4 817.6 816.8 816 815.2 814.4 813.6 812.8 812 811.2 810.4 809.6 808.8 808 807.2 806.4 805.6 804.8 804 803.2 802.4 801.6 800.8 800,24.4335 24.4274 24.4214 24.4154 24.4094 24.4034 24.3974 24.3914 24.3854 24.3793 24.3733 24.3673 24.3613 24.3553 24.3493 24.3433 24.3373 24.3312 24.3252 24.3192 24.3132 24.3072 24.3012 24.2952 24.2892 24.2831 24.2771 24.2711 24.2651 24.2591 24.2531 24.2471 24.2411 24.235 24.229 24.223 24.217 24.211 24.205 24.199 24.193 24.1869 24.1809 24.1749 24.1689 24.1629 24.1569 24.1509 24.1449 24.1388 24.1328 24.1268 24.1208 24.1148 24.1088 24.1028 24.0967 24.0907 24.0847 24.0787 24.0727 24.0667 24.0607 24.0547 24.0486 24.0426 24.0366 24.0306 24.0246 24.0186 24.0126 24.0066 24.0005 23.9945 23.9885 23.9825 23.9765 23.9705 23.9645 23.9585 23.9524 23.9464 23.9404 23.9344 23.9284 23.9224 23.9164 23.9104 23.9043 23.8983 23.8923 23.8863 23.8803 23.8743 23.8683 23.8623 23.8562 23.8502 23.8442 23.8382 23.8322 23.8262 23.8202 23.8142 23.8081 23.8021 23.7961 23.7901 23.7841 23.7781 23.7721 23.766 23.76 23.754 23.748 23.742 23.736 23.73 23.724 23.7179 23.7119 23.7059 23.6999 23.6939 23.6879 23.6819
DoubleConic_SecondaryLV_17_Gold,800 799.2 798.4 797.6 796.8 796 795.2 794.4 793.6 792.8 792 791.2 790.4 789.6 788.8 788 787.2 786.4 785.6 784.8 784 783.2 782.4 781.6 780.8 780 779.2 778.4 777.6 776.8 776 775.2 774.4 773.6 772.8 772 771.2 770.4 769.6 768.8 768 767.2 766.4 765.6 764.8 764 763.2 762.4 761.6 760.8 760 759.2 758.4 757.6 756.8 756 755.2 754.4 753.6 752.8 752 751.2 750.4 749.6 748.8 748 747.2 746.4 745.6 744.8 744 743.2 742.4 741.6 740.8 740 739.2 738.4 737.6 736.8 736 735.2 734.4 733.6 732.8 732 731.2 730.4 729.6 728.8 728 727.2 726.4 725.6 724.8 724 723.2 722.4 721.6 720.8 720 719.2 718.4 717.6 716.8 716 715.2 714.4 713.6 712.8 712 711.2 710.4 709.6 708.8 708 707.2 706.4 705.6 704.8 704 703.2 702.4 701.6 700.8 700,23.6819 23.6638 23.6458 23.6277 23.6097 23.5917 23.5736 23.5556 23.5375 23.5195 23.5015 23.4834 23.4654 23.4473 23.4293 23.4113 23.3932 23.3752 23.3571 23.3391 23.3211 23.303 23.285 23.2669 23.2489 23.2308 23.2128 23.1948 23.1767 23.1587 23.1406 23.1226 23.1046 23.0865 23.0685 23.0504 23.0324 23.0144 22.9963 22.9783 22.9602 22.9422 22.9242 22.9061 22.8881 22.87 22.852 22.834 22.8159 22.7979 22.7798 22.7618 22.7437 22.7257 22.7077 22.6896 22.6716 22.6535 22.6355 22.6175 22.5994 22.5814 22.5633 22.5453 22.5273 22.5092 22.4912 22.4731 22.4551 22.4371 22.419 22.401 22.3829 22.3649 22.3468 22.3288 22.3108 22.2927 22.2747 22.2566 22.2386 22.2206 22.2025 22.1845 22.1664 22.1484 22.1304 22.1123 22.0943 22.0762 22.0582 22.0402 22.0221 22.0041 21.986 21.968 21.9499 21.9319 21.9139 21.8958 21.8778 21.8597 21.8417 21.8237 21.8056 21.7876 21.7695 21.7515 21.7335 21.7154 21.6974 21.6793 21.6613 21.6433 21.6252 21.6072 21.5891 21.5711 21.553 21.535 21.517 21.4989 21.4809 21.4628 21.4448 21.4268
DoubleConic_PrimaryLV_18_Gold,900 899.2 898.4 897.6 896.8 896 895.2 894.4 893.6 892.8 892 891.2 890.4 889.6 888.8 888 887.2 886.4 885.6 884.8 884 883.2 882.4 881.6 880.8 880 879.2 878.4 877.6 876.8 876 875.2 874.4 873.6 872.8 872 871.2 870.4 869.6 868.8 868 867.2 866.4 865.6 864.8 864 863.2 862.4 861.6 860.8 860 859.2 858.4 857.6 856.8 856 855.2 854.4 853.6 852.8 852 851.2 850.4 849.6 848.8 848 847.2 846.4 845.6 844.8 844 843.2 842.4 841.6 840.8 840 839.2 838.4 837.6 836.8 836 835.2 834.4 833.6 832.8 832 831.2 830.4 829.6 828.8 828 827.2 826.4 825.6 824.8 824 823.2 822.4 821.6 820.8 820 819.2 818.4 817.6 816.8 816 815.2 814.4 813.6 812.8 812 811.2 810.4 809.6 808.8 808 807.2 806.4 805.6 804.8 804 803.2 802.4 801.6 800.8 800,23.1059 23.1002 23.0945 23.0888 23.0831 23.0774 23.0717 23.066 23.0604 23.0547 23.049 23.0433 23.0376 23.0319 23.0262 23.0206 23.0149 23.0092 23.0035 22.9978 22.9921 22.9864 22.9808 22.9751 22.9694 22.9637 22.958 22.9523 22.9466 22.941 22.9353 22.9296 22.9239 22.9182 22.9125 22.9068 22.9011 22.8955 22.8898 22.8841 22.8784 22.8727 22.867 22.8613 22.8557 22.85 22.8443 22.8386 22.8329 22.8272 22.8215 22.8159 22.8102 22.8045 22.7988 22.7931 22.7874 22.7817 22.7761 22.7704 22.7647 22.759 22.7533 22.7476 22.7419 22.7363 22.7306 22.7249 22.7192 22.7135 22.7078 22.7021 22.6964 22.6908 22.6851 22.6794 22.6737 22.668 22.6623 22.6566 22.651 22.6453 22.6396 22.6339 22.6282 22.6225 22.6168 22.6112 22.6055 22.5998 22.5941 22.5884 22.5827 22.577 22.5714 22.5657 22.56 22.5543 22.5486 22.5429 22.5372 22.5315 22.5259 22.5202 22.5145 22.5088 22.5031 22.4974 22.4917 22.4861 22.4804 22.4747 22.469 22.4633 22.4576 22.4519 22.4463 22.4406 22.4349 22.4292 22.4235 22.4178 22.4121 22.4065 22.4008 22.3951
DoubleConic_SecondaryLV_18_Gold,800 799.2 798.4 797.6 796.8 796 795.2 794.4 793.6 792.8 792 791.2 790.4 789.6 788.8 788 787.2 786.4 785.6 784.8 784 783.2 782.4 781.6 780.8 780 779.2 778.4 777.6 776.8 776 775.2 774.4 773.6 772.8 772 771.2 770.4 769.6 768.8 768 767.2 766.4 765.6 764.8 764 763.2 762.4 761.6 760.8 760 759.2 758.4 757.6 756.8 756 755.2 754.4 753.6 752.8 752 751.2 750.4 749.6 748.8 748 747.2 746.4 745.6 744.8 744 743.2 742.4 741.6 740.8 740 739.2 738.4 737.6 736.8 736 735.2 734.4 733.6 732.8 732 731.2 730.4 729.6 728.8 728 727.2 726.4 725.6 724.8 724 723.2 722.4 721.6 720.8 720 719.2 718.4 717.6 716.8 716 715.2 714.4 713.6 712.8 712 711.2 710.4 709.6 708.8 708 707.2 706.4 705.6 704.8 704 703.2 702.4 701.6 700.8 700,22.3951 22.378 22.361 22.3439 22.3268 22.3098 22.2927 22.2757 22.2586 22.2415 22.2245 22.2074 22.1903 22.1733 22.1562 22.1392 22.1221 22.105 22.088 22.0709 22.0539 22.0368 22.0197 22.0027 21.9856 21.9686 21.9515 21.9344 21.9174 21.9003 21.8833 21.8662 21.8491 21.8321 21.815 21.798 21.7809 21.7638 21.7468 21.7297 21.7126 21.6956 21.6785 21.6615 21.6444 21.6273 21.6103 21.5932 21.5762 21.5591 21.542 21.525 21.5079 21.4909 21.4738 21.4567 21.4397 21.4226 21.4056 21.3885 21.3714 21.3544 21.3373 21.3202 21.3032 21.2861 21.2691 21.252 21.2349 21.2179 21.2008 21.1838 21.1667 21.1496 21.1326 21.1155 21.0985 21.0814 21.0643 21.0473 21.0302 21.0132 20.9961 20.979 20.962 20.9449 20.9278 20.9108 20.8937 20.8767 20.8596 20.8425 20.8255 20.8084 20.7914 20.7743 20.7572 20.7402 20.7231 20.7061 20.689 20.6719 20.6549 20.6378 20.6208 20.6037 20.5866 20.5696 20.5525 20.5354 20.5184 20.5013 20.4843 20.4672 20.4501 20.4331 20.416 20.399 20.3819 20.3648 20.3478 20.3307 20.3137 20.2966 20.2795 20.2625
DoubleConic_PrimaryLV_19_Gold,900 899.2 898.4 897.6 896.8 896 895.2 894.4 893.6 892.8 892 891.2 890.4 889.6 888.8 888 887.2 886.4 885.6 884.8 884 883.2 882.4 881.6 880.8 880 879.2 878.4 877.6 876.8 876 875.2 874.4 873.6 872.8 872 871.2 870.4 869.6 868.8 868 867.2 866.4 865.6 864.8 864 863.2 862.4 861.6 860.8 860 859.2 858.4 857.6 856.8 856 855.2 854.4 853.6 852.8 852 851.2 850.4 849.6 848.8 848 847.2 846.4 845.6 844.8 844 843.2 842.4 841.6 840.8 840 839.2 838.4 837.6 836.8 836 835.2 834.4 833.6 832.8 832 831.2 830.4 829.6 828.8 828 827.2 826.4 825.6 824.8 824 823.2 822.4 821.6 820.8 820 819.2 818.4 817.6 816.8 816 815.2 814.4 813.6 812.8 812 811.2 810.4 809.6 808.8 808 807.2 806.4 805.6 804.8 804 803.2 802.4 801.6 800.8 800,21.7782 21.7729 21.7675 21.7622 21.7568 21.7514 21.7461 21.7407 21.7354 21.73 21.7246 21.7193 21.7139 21.7086 21.7032 21.6978 21.6925 21.6871 21.6818 21.6764 21.671 21.6657 21.6603 21.655 21.6496 21.6443 21.6389 21.6335 21.6282 21.6228 21.6175 21.6121 21.6067 21.6014 21.596 21.5907 21.5853 21.5799 21.5746 21.5692 21.5639 21.5585 21.5531 21.5478 21.5424 21.5371 21.5317 21.5263 21.521 21.5156 21.5103 21.5049 21.4995 21.4942 21.4888 21.4835 21.4781 21.4727 21.4674 21.462 21.4567 21.4513 21.4459 21.4406 21.4352 21.4299 21.4245 21.4191 21.4138 21.4084 21.4031 21.3977 21.3923 21.387 21.3816 21.3763 21.3709 21.3656 21.3602 21.3548 21.3495 21.3441 21.3388 21.3334 21.328 21.3227 21.3173 21.312 21.3066 21.3012 21.2959 21.2905 21.2852 21.2798 21.2744 21.2691 21.2637 21.2584 21.253 21.2476 21.2423 21.2369 21.2316 21.2262 21.2208 21.2155 21.2101 21.2048 21.1994 21.194 21.1887 21.1833 21.178 21.1726 21.1672 21.1619 21.1565 21.1512 21.1458 21.1404 21.1351 21.1297 21.1244 21.119 21.1136 21.1083
DoubleConic_SecondaryLV_19_Gold,800 799.2 798.4 797.6 796.8 796 795.2 794.4 793.6 792.8 792 791.2 790.4 789.6 788.8 788 787.2 786.4 785.6 784.8 784 783.2 782.4 781.6 780.8 780 779.2 778.4 777.6 776.8 776 775.2 774.4 773.6 772.8 772 771.2 770.4 769.6 768.8 768 767.2 766.4 765.6 764.8 764 763.2 762.4 761.6 760.8 760 759.2 758.4 757.6 756.8 756 755.2 754.4 753.6 752.8 752 751.2 750.4 749.6 748.8 748 747.2 746.4 745.6 744.8 744 743.2 742.4 741.6 740.8 740 739.2 738.4 737.6 736.8 736 735.2 734.4 733.6 732.8 732 731.2 730.4 729.6 728.8 728 727.2 726.4 725.6 724.8 724 723.2 722.4 721.6 720.8 720 719.2 718.4 717.6 716.8 716 715.2 714.4 713.6 712.8 712 711.2 710.4 709.6 708.8 708 707.2 706.4 705.6 704.8 704 703.2 702.4 701.6 700.8 700,21.1083 21.0922 21.0761 21.06 21.044 21.0279 21.0118 20.9957 20.9796 20.9636 20.9475 20.9314 20.9153 20.8992 20.8832 20.8671 20.851 20.8349 20.8188 20.8028 20.7867 20.7706 20.7545 20.7384 20.7224 20.7063 20.6902 20.6741 20.658 20.6419 20.6259 20.6098 20.5937 20.5776 20.5615 20.5455 20.5294 20.5133 20.4972 20.4811 20.4651 20.449 20.4329 20.4168 20.4007 20.3847 20.3686 20.3525 20.3364 20.3203 20.3043 20.2882 20.2721 20.256 20.2399 20.2238 20.2078 20.1917 20.1756 20.1595 20.1434 20.1274 20.1113 20.0952 20.0791 20.063 20.047 20.0309 20.0148 19.9987 19.9826 19.9666 19.9505 19.9344 19.9183 19.9022 19.8862 19.8701 19.854 19.8379 19.8218 19.8057 19.7897 19.7736 19.7575 19.7414 19.7253 19.7093 19.6932 19.6771 19.661 19.6449 19.6289 19.6128 19.5967 19.5806 19.5645 19.5485 19.5324 19.5163 19.5002 19.4841 19.4681 19.452 19.4359 19.4198 19.4037 19.3876 19.3716 19.3555 19.3394 19.3233 19.3072 19.2912 19.2751 19.259 19.2429 19.2268 19.2108 19.1947 19.1786 19.1625 19.1464 19.1304 19.1143 19.0982
DoubleConic_PrimaryLV_20_Gold,900 899.2 898.4 897.6 896.8 896 895.2 894.4 893.6 892.8 892 891.2 890.4 889.6 888.8 888 887.2 886.4 885.6 884.8 884 883.2 882.4 881.6 880.8 880 879.2 878.4 877.6 876.8 876 875.2 874.4 873.6 872.8 872 871.2 870.4 869.6 868.8 868 867.2 866.4 865.6 864.8 864 863.2 862.4 861.6 860.8 860 859.2 858.4 857.6 856.8 856 855.2 854.4 853.6 852.8 852 851.2 850.4 849.6 848.8 848 847.2 846.4 845.6 844.8 844 843.2 842.4 841.6 840.8 840 839.2 838.4 837.6 836.8 836 835.2 834.4 833.6 832.8 832 831.2 830.4 829.6 828.8 828 827.2 826.4 825.6 824.8 824 823.2 822.4 821.6 820.8 820 819.2 818.4 817.6 816.8 816 815.2 814.4 813.6 812.8 812 811.2 810.4 809.6 808.8 808 807.2 806.4 805.6 804.8 804 803.2 802.4 801.6 800.8 800,20.4506 20.4456 20.4406 20.4355 20.4305 20.4255 20.4204 20.4154 20.4104 20.4053 20.4003 20.3953 20.3902 20.3852 20.3802 20.3751 20.3701 20.3651 20.36 20.355 20.35 20.3449 20.3399 20.3349 20.3298 20.3248 20.3198 20.3147 20.3097 20.3047 20.2996 20.2946 20.2896 20.2845 20.2795 20.2745 20.2694 20.2644 20.2594 20.2543 20.2493 20.2443 20.2392 20.2342 20.2292 20.2241 20.2191 20.2141 20.209 20.204 20.199 20.1939 20.1889 20.1839 20.1788 20.1738 20.1688 20.1637 20.1587 20.1537 20.1486 20.1436 20.1386 20.1335 20.1285 20.1235 20.1185 20.1134 20.1084 20.1034 20.0983 20.0933 20.0883 20.0832 20.0782 20.0732 20.0681 20.0631 20.0581 20.053 20.048 20.043 20.0379 20.0329 20.0279 20.0228 20.0178 20.0128 20.0077 20.0027 19.9977 19.9926 19.9876 19.9826 19.9775 19.9725 19.9675 19.9624 19.9574 19.9524 19.9473 19.9423 19.9373 19.9322 19.9272 19.9222 19.9171 19.9121 19.9071 19.902 19.897 19.892 19.8869 19.8819 19.8769 19.8718 19.8668 19.8618 19.8567 19.8517 19.8467 19.8416 19.8366 19.8316 19.8265 19.8215
DoubleConic_SecondaryLV_20_Gold,800 799.2 798.4 797.6 796.8 796 795.2 794.4 793.6 792.8 792 791.2 790.4 789.6 788.8 788 787.2 786.4 785.6 784.8 784 783.2 782.4 781.6 780.8 780 779.2 778.4 777.6 776.8 776 775.2 774.4 773.6 772.8 772 771.2 770.4 769.6 768.8 768 767.2 766.4 765.6 764.8 764 763.2 762.4 761.6 760.8 760 759.2 758.4 757.6 756.8 756 755.2 754.4 753.6 752.8 752 751.2 750.4 749.6 748.8 748 747.2 746.4 745.6 744.8 744 743.2 742.4 741.6 740.8 740 739.2 738.4 737.6 736.8 736 735.2 734.4 733.6 732.8 732 731.2 730.4 729.6 728.8 728 727.2 726.4 725.6 724.8 724 723.2 722.4 721.6 720.8 720 719.2 718.4 717.6 716.8 716 715.2 714.4 713.6 712.8 712 711.2 710.4 709.6 708.8 708 707.2 706.4 705.6 704.8 704 703.2 702.4 701.6 700.8 700,19.8215 19.8064 19.7913 19.7762 19.7611 19.746 19.7309 19.7158 19.7007 19.6856 19.6705 19.6554 19.6403 19.6252 19.6101 19.595 19.5799 19.5648 19.5497 19.5346 19.5195 19.5044 19.4893 19.4742 19.4591 19.444 19.4289 19.4138 19.3987 19.3836 19.3685 19.3534 19.3383 19.3232 19.3081 19.293 19.2779 19.2628 19.2477 19.2326 19.2175 19.2024 19.1873 19.1722 19.1571 19.142 19.1269 19.1118 19.0967 19.0816 19.0665 19.0514 19.0363 19.0212 19.0061 18.991 18.9759 18.9608 18.9457 18.9306 18.9155 18.9004 18.8853 18.8702 18.8551 18.84 18.8249 18.8098 18.7947 18.7796 18.7645 18.7494 18.7343 18.7192 18.7041 18.689 18.6739 18.6588 18.6437 18.6286 18.6135 18.5983 18.5832 18.5681 18.553 18.5379 18.5228 18.5077 18.4926 18.4775 18.4624 18.4473 18.4322 18.4171 18.402 18.3869 18.3718 18.3567 18.3416 18.3265 18.3114 18.2963 18.2812 18.2661 18.251 18.2359 18.2208 18.2057 18.1906 18.1755 18.1604 18.1453 18.1302 18.1151 18.1 18.0849 18.0698 18.0547 18.0396 18.0245 18.0094 17.9943 17.9792 17.9641 17.949 17.9339
DoubleConic_PrimaryLV_21_Gold,900 899.2 898.4 897.6 896.8 896 895.2 894.4 893.6 892.8 892 891.2 890.4 889.6 888.8 888 887.2 886.4 885.6 884.8 884 883.2 882.4 881.6 880.8 880 879.2 878.4 877.6 876.8 876 875.2 874.4 873.6 872.8 872 871.2 870.4 869.6 868.8 868 867.2 866.4 865.6 864.8 864 863.2 862.4 861.6 860.8 860 859.2 858.4 857.6 856.8 856 855.2 854.4 853.6 852.8 852 851.2 850.4 849.6 848.8 848 847.2 846.4 845.6 844.8 844 843.2 842.4 841.6 840.8 840 839.2 838.4 837.6 836.8 836 835.2 834.4 833.6 832.8 832 831.2 830.4 829.6 828.8 828 827.2 826.4 825.6 824.8 824 823.2 822.4 821.6 820.8 820 819.2 818.4 817.6 816.8 816 815.2 814.4 813.6 812.8 812 811.2 810.4 809.6 808.8 808 807.2 806.4 805.6 804.8 804 803.2 802.4 801.6 800.8 800,19.123 19.1183 19.1136 19.1089 19.1042 19.0995 19.0948 19.0901 19.0854 19.0807 19.076 19.0712 19.0665 19.0618 19.0571 19.0524 19.0477 19.043 19.0383 19.0336 19.0289 19.0242 19.0195 19.0148 19.0101 19.0054 19.0006 18.9959 18.9912 18.9865 18.9818 18.9771 18.9724 18.9677 18.963 18.9583 18.9536 18.9489 18.9442 18.9395 18.9348 18.9301 18.9253 18.9206 18.9159 18.9112 18.9065 18.9018 18.8971 18.8924 18.8877 18.883 18.8783 18.8736 18.8689 18.8642 18.8595 18.8548 18.85 18.8453 18.8406 18.8359 18.8312 18.8265 18.8218 18.8171 18.8124 18.8077 18.803 18.7983 18.7936 18.7889 18.7842 18.7794 18.7747 18.77 18.7653 18.7606 18.7559 18.7512 18.7465 18.7418 18.7371 18.7324 18.7277 18.723 18.7183 18.7136 18.7089 18.7041 18.6994 18.6947 18.69 18.6853 18.6806 18.6759 18.6712 18.6665 18.6618 18.6571 18.6524 18.6477 18.643 18.6383 18.6336 18.6288 18.6241 18.6194 18.6147 18.61 18.6053 18.6006 18.5959 18.5912 18.5865 18.5818 18.5771 18.5724 18.5677 18.563 18.5582 18.5535 18.5488 18.5441 18.5394 18.5347
DoubleConic_SecondaryLV_21_Gold,800 799.2 798.4 797.6 796.8 796 795.2 794.4 793.6 792.8 792 791.2 790.4 789.6 788.8 788 787.2 786.4 785.6 784.8 784 783.2 782.4 781.6 780.8 780 779.2 778.4 777.6 776.8 776 775.2 774.4 773.6 772.8 772 771.2 770.4 769.6 768.8 768 767.2 766.4 765.6 764.8 764 763.2 762.4 761.6 760.8 760 759.2 758.4 757.6 756.8 756 755.2 754.4 753.6 752.8 752 751.2 750.4 749.6 748.8 748 747.2 746.4 745.6 744.8 744 743.2 742.4 741.6 740.8 740 739.2 738.4 737.6 736.8 736 735.2 734.4 733.6 732.8 732 731.2 730.4 729.6 728.8 728 727.2 726.4 725.6 724.8 724 723.2 722.4 721.6 720.8 720 719.2 718.4 717.6 716.8 716 715.2 714.4 713.6 712.8 712 711.2 710.4 709.6 708.8 708 707.2 706.4 705.6 704.8 704 703.2 702.4 701.6 700.8 700,18.5347 18.5206 18.5065 18.4924 18.4782 18.4641 18.45 18.4359 18.4218 18.4076 18.3935 18.3794 18.3653 18.3511 18.337 18.3229 18.3088 18.2947 18.2805 18.2664 18.2523 18.2382 18.2241 18.2099 18.1958 18.1817 18.1676 18.1535 18.1393 18.1252 18.1111 18.097 18.0829 18.0687 18.0546 18.0405 18.0264 18.0123 17.9981 17.984 17.9699 17.9558 17.9417 17.9275 17.9134 17.8993 17.8852 17.8711 17.8569 17.8428 17.8287 17.8146 17.8004 17.7863 17.7722 17.7581 17.744 17.7298 17.7157 17.7016 17.6875 17.6734 17.6592 17.6451 17.631 17.6169 17.6028 17.5886 17.5745 17.5604 17.5463 17.5322 17.518 17.5039 17.4898 17.4757 17.4616 17.4474 17.4333 17.4192 17.4051 17.391 17.3768 17.3627 17.3486 17.3345 17.3204 17.3062 17.2921 17.278 17.2639 17.2497 17.2356 17.2215 17.2074 17.1933 17.1791 17.165 17.1509 17.1368 17.1227 17.1085 17.0944 17.0803 17.0662 17.0521 17.0379 17.0238 17.0097 16.9956 16.9815 16.9673 16.9532 16.9391 16.925 16.9109 16.8967 16.8826 16.8685 16.8544 16.8403 16.8261 16.812 16.7979 16.7838 16.7697
DoubleConic_PrimaryLV_22_Gold,900 899.2 898.4 897.6 896.8 896 895.2 894.4 893.6 892.8 892 891.2 890.4 889.6 888.8 888 887.2 886.4 885.6 884.8 884 883.2 882.4 881.6 880.8 880 879.2 878.4 877.6 876.8 876 875.2 874.4 873.6 872.8 872 871.2 870.4 869.6 868.8 868 867.2 866.4 865.6 864.8 864 863.2 862.4 861.6 860.8 860 859.2 858.4 857.6 856.8 856 855.2 854.4 853.6 852.8 852 851.2 850.4 849.6 848.8 848 847.2 846.4 845.6 844.8 844 843.2 842.4 841.6 840.8 840 839.2 838.4 837.6 836.8 836 835.2 834.4 833.6 832.8 832 831.2 830.4 829.6 828.8 828 827.2 826.4 825.6 824.8 824 823.2 822.4 821.6 820.8 820 819.2 818.4 817.6 816.8 816 815.2 814.4 813.6 812.8 812 811.2 810.4 809.6 808.8 808 807.2 806.4 805.6 804.8 804 803.2 802.4 801.6 800.8 800,17.7954 17.791 17.7866 17.7823 17.7779 17.7735 17.7691 17.7647 17.7604 17.756 17.7516 17.7472 17.7428 17.7385 17.7341 17.7297 17.7253 17.7209 17.7166 17.7122 17.7078 17.7034 17.699 17.6947 17.6903 17.6859 17.6815 17.6771 17.6728 17.6684 17.664 17.6596 17.6552 17.6509 17.6465 17.6421 17.6377 17.6334 17.629 17.6246 17.6202 17.6158 17.6115 17.6071 17.6027 17.5983 17.5939 17.5896 17.5852 17.5808 17.5764 17.572 17.5677 17.5633 17.5589 17.5545 17.5501 17.5458 17.5414 17.537 17.5326 17.5282 17.5239 17.5195 17.5151 17.5107 17.5063 17.502 17.4976 17.4932 17.4888 17.4844 17.4801 17.4757 17.4713 17.4669 17.4625 17.4582 17.4538 17.4494 17.445 17.4406 17.4363 17.4319 17.4275 17.4231 17.4187 17.4144 17.41 17.4056 17.4012 17.3968 17.3925 17.3881 17.3837 17.3793 17.3749 17.3706 17.3662 17.3618 17.3574 17.353 17.3487 17.3443 17.3399 17.3355 17.3311 17.3268 17.3224 17.318 17.3136 17.3092 17.3049 17.3005 17.2961 17.2917 17.2873 17.283 17.2786 17.2742 17.2698 17.2655 17.2611 17.2567 17.2523 17.2479
DoubleConic_SecondaryLV_22_Gold,800 799.2 798.4 797.6 796.8 796 795.2 794.4 793.6 792.8 792 791.2 790.4 789.6 788.8 788 787.2 786.4 785.6 784.8 784 783.2 782.4 781.6 780.8 780 779.2 778.4 777.6 776.8 776 775.2 774.4 773.6 772.8 772 771.2 770.4 769.6 768.8 768 767.2 766.4 765.6 764.8 764 763.2 762.4 761.6 760.8 760 759.2 758.4 757.6 756.8 756 755.2 754.4 753.6 752.8 752 751.2 750.4 749.6 748.8 748 747.2 746.4 745.6 744.8 744 743.2 742.4 741.6 740.8 740 739.2 738.4 737.6 736.8 736 735.2 734.4 733.6 732.8 732 731.2 730.4 729.6 728.8 728 727.2 726.4 725.6 724.8 724 723.2 722.4 721.6 720.8 720 719.2 718.4 717.6 716.8 716 715.2 714.4 713.6 712.8 712 711.2 710.4 709.6 708.8 708 707.2 706.4 705.6 704.8 704 703.2 702.4 701.6 700.8 700,17.2479 17.2348 17.2217 17.2085 17.1954 17.1822 17.1691 17.1559 17.1428 17.1297 17.1165 17.1034 17.0902 17.0771 17.064 17.0508 17.0377 17.0245 17.0114 16.9983 16.9851 16.972 16.9588 16.9457 16.9326 16.9194 16.9063 16.8931 16.88 16.8669 16.8537 16.8406 16.8274 16.8143 16.8012 16.788 16.7749 16.7617 16.7486 16.7355 16.7223 16.7092 16.696 16.6829 16.6698 16.6566 16.6435 16.6303 16.6172 16.6041 16.5909 16.5778 16.5646 16.5515 16.5384 16.5252 16.5121 16.4989 16.4858 16.4727 16.4595 16.4464 16.4332 16.4201 16.4069 16.3938 16.3807 16.3675 16.3544 16.3412 16.3281 16.315 16.3018 16.2887 16.2755 16.2624 16.2493 16.2361 16.223 16.2098 16.1967 16.1836 16.1704 16.1573 16.1441 16.131 16.1179 16.1047 16.0916 16.0784 16.0653 16.0522 16.039 16.0259 16.0127 15.9996 15.9865 15.9733 15.9602 15.947 15.9339 15.9208 15.9076 15.8945 15.8813 15.8682 15.8551 15.8419 15.8288 15.8156 15.8025 15.7894 15.7762 15.7631 15.7499 15.7368 15.7237 15.7105 15.6974 15.6842 15.6711 15.658 15.6448 15.6317 15.6185 15.6054
DoubleConic_PrimaryLV_23_Gold,900 899.2 898.4 897.6 896.8 896 895.2 894.4 893.6 892.8 892 891.2 890.4 889.6 888.8 888 887.2 886.4 885.6 884.8 884 883.2 882.4 881.6 880.8 880 879.2 878.4 877.6 876.8 876 875.2 874.4 873.6 872.8 872 871.2 870.4 869.6 868.8 868 867.2 866.4 865.6 864.8 864 863.2 862.4 861.6 860.8 860 859.2 858.4 857.6 856.8 856 855.2 854.4 853.6 852.8 852 851.2 850.4 849.6 848.8 848 847.2 846.4 845.6 844.8 844 843.2 842.4 841.6 840.8 840 839.2 838.4 837.6 836.8 836 835.2 834.4 833.6 832.8 832 831.2 830.4 829.6 828.8 828 827.2 826.4 825.6 824.8 824 823.2 822.4 821.6 820.8 820 819.2 818.4 817.6 816.8 816 815.2 814.4 813.6 812.8 812 811.2 810.4 809.6 808.8 808 807.2 806.4 805.6 804.8 804 803.2 802.4 801.6 800.8 800,16.4678 16.4637 16.4597 16.4556 16.4516 16.4475 16.4435 16.4394 16.4354 16.4313 16.4273 16.4232 16.4191 16.4151 16.411 16.407 16.4029 16.3989 16.3948 16.3908 16.3867 16.3827 16.3786 16.3746 16.3705 16.3665 16.3624 16.3584 16.3543 16.3502 16.3462 16.3421 16.3381 16.334 16.33 16.3259 16.3219 16.3178 16.3138 16.3097 16.3057 16.3016 16.2976 16.2935 16.2894 16.2854 16.2813 16.2773 16.2732 16.2692 16.2651 16.2611 16.257 16.253 16.2489 16.2449 16.2408 16.2368 16.2327 16.2287 16.2246 16.2205 16.2165 16.2124 16.2084 16.2043 16.2003 16.1962 16.1922 16.1881 16.1841 16.18 16.176 16.1719 16.1679 16.1638 16.1597 16.1557 16.1516 16.1476 16.1435 16.1395 16.1354 16.1314 16.1273 16.1233 16.1192 16.1152 16.1111 16.1071 16.103 16.099 16.0949 16.0908 16.0868 16.0827 16.0787 16.0746 16.0706 16.0665 16.0625 16.0584 16.0544 16.0503 16.0463 16.0422 16.0382 16.0341 16.0301 16.026 16.0219 16.0179 16.0138 16.0098 16.0057 16.0017 15.9976 15.9936 15.9895 15.9855 15.9814 15.9774 15.9733 15.9693 15.9652 15.9611
DoubleConic_SecondaryLV_23_Gold,800 799.2 798.4 797.6 796.8 796 795.2 794.4 793.6 792.8 792 791.2 790.4 789.6 788.8 788 787.2 786.4 785.6 784.8 784 783.2 782.4 781.6 780.8 780 779.2 778.4 777.6 776.8 776 775.2 774.4 773.6 772.8 772 771.2 770.4 769.6 768.8 768 767.2 766.4 765.6 764.8 764 763.2 762.4 761.6 760.8 760 759.2 758.4 757.6 756.8 756 755.2 754.4 753.6 752.8 752 751.2 750.4 749.6 748.8 748 747.2 746.4 745.6 744.8 744 743.2 742.4 741.6 740.8 740 739.2 738.4 737.6 736.8 736 735.2 734.4 733.6 732.8 732 731.2 730.4 729.6 728.8 728 727.2 726.4 725.6 724.8 724 723.2 722.4 721.6 720.8 720 719.2 718.4 717.6 716.8 716 715.2 714.4 713.6 712.8 712 711.2 710.4 709.6 708.8 708 707.2 706.4 705.6 704.8 704 703.2 702.4 701.6 700.8 700,15.9611 15.949 15.9368 15.9247 15.9125 15.9003 15.8882 15.876 15.8639 15.8517 15.8395 15.8274 15.8152 15.8031 15.7909 15.7787 15.7666 15.7544 15.7423 15.7301 15.7179 15.7058 15.6936 15.6815 15.6693 15.6571 15.645 15.6328 15.6207 15.6085 15.5963 15.5842 15.572 15.5599 15.5477 15.5355 15.5234 15.5112 15.4991 15.4869 15.4747 15.4626 15.4504 15.4383 15.4261 15.4139 15.4018 15.3896 15.3775 15.3653 15.3531 15.341 15.3288 15.3167 15.3045 15.2923 15.2802 15.268 15.2559 15.2437 15.2315 15.2194 15.2072 15.1951 15.1829 15.1707 15.1586 15.1464 15.1343 15.1221 15.1099 15.0978 15.0856 15.0735 15.0613 15.0491 15.037 15.0248 15.0127 15.0005 14.9883 14.9762 14.964 14.9519 14.9397 14.9275 14.9154 14.9032 14.8911 14.8789 14.8667 14.8546 14.8424 14.8303 14.8181 14.8059 14.7938 14.7816 14.7695 14.7573 14.7451 14.733 14.7208 14.7087 14.6965 14.6843 14.6722 14.66 14.6479 14.6357 14.6235 14.6114 14.5992 14.5871 14.5749 14.5627 14.5506 14.5384 14.5263 14.5141 14.5019 14.4898 14.4776 14.4655 14.4533 14.4411
DoubleConic_PrimaryLV_24_Gold,900 899.2 898.4 897.6 896.8 896 895.2 894.4 893.6 892.8 892 891.2 890.4 889.6 888.8 888 887.2 886.4 885.6 884.8 884 883.2 882.4 881.6 880.8 880 879.2 878.4 877.6 876.8 876 875.2 874.4 873.6 872.8 872 871.2 870.4 869.6 868.8 868 867.2 866.4 865.6 864.8 864 863.2 862.4 861.6 860.8 860 859.2 858.4 857.6 856.8 856 855.2 854.4 853.6 852.8 852 851.2 850.4 849.6 848.8 848 847.2 846.4 845.6 844.8 844 843.2 842.4 841.6 840.8 840 839.2 838.4 837.6 836.8 836 835.2 834.4 833.6 832.8 832 831.2 830.4 829.6 828.8 828 827.2 826.4 825.6 824.8 824 823.2 822.4 821.6 820.8 820 819.2 818.4 817.6 816.8 816 815.2 814.4 813.6 812.8 812 811.2 810.4 809.6 808.8 808 807.2 806.4 805.6 804.8 804 803.2 802.4 801.6 800.8 800,15.1402 15.1364 15.1327 15.129 15.1253 15.1215 15.1178 15.1141 15.1104 15.1066 15.1029 15.0992 15.0954 15.0917 15.088 15.0843 15.0805 15.0768 15.0731 15.0694 15.0656 15.0619 15.0582 15.0545 15.0507 15.047 15.0433 15.0396 15.0358 15.0321 15.0284 15.0246 15.0209 15.0172 15.0135 15.0097 15.006 15.0023 14.9986 14.9948 14.9911 14.9874 14.9837 14.9799 14.9762 14.9725 14.9688 14.965 14.9613 14.9576 14.9538 14.9501 14.9464 14.9427 14.9389 14.9352 14.9315 14.9278 14.924 14.9203 14.9166 14.9129 14.9091 14.9054 14.9017 14.898 14.8942 14.8905 14.8868 14.883 14.8793 14.8756 14.8719 14.8681 14.8644 14.8607 14.857 14.8532 14.8495 14.8458 14.8421 14.8383 14.8346 14.8309 14.8271 14.8234 14.8197 14.816 14.8122 14.8085 14.8048 14.8011 14.7973 14.7936 14.7899 14.7862 14.7824 14.7787 14.775 14.7713 14.7675 14.7638 14.7601 14.7563 14.7526 14.7489 14.7452 14.7414 14.7377 14.734 14.7303 14.7265 14.7228 14.7191 14.7154 14.7116 14.7079 14.7042 14.7005 14.6967 14.693 14.6893 14.6855 14.6818 14.6781 14.6744
DoubleConic_SecondaryLV_24_Gold,800 799.2 798.4 797.6 796.8 796 795.2 794.4 793.6 792.8 792 791.2 790.4 789.6 788.8 788 787.2 786.4 785.6 784.8 784 783.2 782.4 781.6 780.8 780 779.2 778.4 777.6 776.8 776 775.2 774.4 773.6 772.8 772 771.2 770.4 769.6 768.8 768 767.2 766.4 765.6 764.8 764 763.2 762.4 761.6 760.8 760 759.2 758.4 757.6 756.8 756 755.2 754.4 753.6 752.8 752 751.2 750.4 749.6 748.8 748 747.2 746.4 745.6 744.8 744 743.2 742.4 741.6 740.8 740 739.2 738.4 737.6 736.8 736 735.2 734.4 733.6 732.8 732 731.2 730.4 729.6 728.8 728 727.2 726.4 725.6 724.8 724 723.2 722.4 721.6 720.8 720 719.2 718.4 717.6 716.8 716 715.2 714.4 713.6 712.8 712 711.2 710.4 709.6 708.8 708 707.2 706.4 705.6 704.8 704 703.2 702.4 701.6 700.8 700,14.6744 14.6632 14.652 14.6408 14.6296 14.6185 14.6073 14.5961 14.5849 14.5737 14.5626 14.5514 14.5402 14.529 14.5178 14.5067 14.4955 14.4843 14.4731 14.4619 14.4508 14.4396 14.4284 14.4172 14.406 14.3949 14.3837 14.3725 14.3613 14.3501 14.339 14.3278 14.3166 14.3054 14.2942 14.2831 14.2719 14.2607 14.2495 14.2383 14.2272 14.216 14.2048 14.1936 14.1825 14.1713 14.1601 14.1489 14.1377 14.1266 14.1154 14.1042 14.093 14.0818 14.0707 14.0595 14.0483 14.0371 14.0259 14.0148 14.0036 13.9924 13.9812 13.97 13.9589 13.9477 13.9365 13.9253 13.9141 13.903 13.8918 13.8806 13.8694 13.8582 13.8471 13.8359 13.8247 13.8135 13.8023 13.7912 13.78 13.7688 13.7576 13.7464 13.7353 13.7241 13.7129 13.7017 13.6905 13.6794 13.6682 13.657 13.6458 13.6346 13.6235 13.6123 13.6011 13.5899 13.5787 13.5676 13.5564 13.5452 13.534 13.5228 13.5117 13.5005 13.4893 13.4781 13.4669 13.4558 13.4446 13.4334 13.4222 13.411 13.3999 13.3887 13.3775 13.3663 13.3551 13.344 13.3328 13.3216 13.3104 13.2992 13.2881 13.2769
DoubleConic_PrimaryLV_25_Gold,900 899.2 898.4 897.6 896.8 896 895.2 894.4 893.6 892.8 892 891.2 890.4 889.6 888.8 888 887.2 886.4 885.6 884.8 884 883.2 882.4 881.6 880.8 880 879.2 878.4 877.6 876.8 876 875.2 874.4 873.6 872.8 872 871.2 870.4 869.6 868.8 868 867.2 866.4 865.6 864.8 864 863.2 862.4 861.6 860.8 860 859.2 858.4 857.6 856.8 856 855.2 854.4 853.6 852.8 852 851.2 850.4 849.6 848.8 848 847.2 846.4 845.6 844.8 844 843.2 842.4 841.6 840.8 840 839.2 838.4 837.6 836.8 836 835.2 834.4 833.6 832.8 832 831.2 830.4 829.6 828.8 828 827.2 826.4 825.6 824.8 824 823.2 822.4 821.6 820.8 820 819.2 818.4 817.6 816.8 816 815.2 814.4 813.6 812.8 812 811.2 810.4 809.6 808.8 808 807.2 806.4 805.6 804.8 804 803.2 802.4 801.6 800.8 800,13.8125 13.8091 13.8057 13.8023 13.7989 13.7955 13.7921 13.7888 13.7854 13.782 13.7786 13.7752 13.7718 13.7684 13.765 13.7616 13.7582 13.7548 13.7514 13.748 13.7446 13.7412 13.7378 13.7344 13.731 13.7276 13.7242 13.7208 13.7174 13.714 13.7106 13.7072 13.7038 13.7004 13.697 13.6936 13.6902 13.6868 13.6834 13.68 13.6766 13.6732 13.6698 13.6664 13.663 13.6596 13.6562 13.6528 13.6494 13.646 13.6426 13.6392 13.6358 13.6324 13.629 13.6256 13.6222 13.6188 13.6154 13.612 13.6086 13.6052 13.6018 13.5984 13.595 13.5916 13.5882 13.5848 13.5814 13.578 13.5746 13.5712 13.5678 13.5644 13.561 13.5576 13.5542 13.5508 13.5474 13.544 13.5406 13.5372 13.5338 13.5304 13.527 13.5236 13.5202 13.5168 13.5134 13.51 13.5066 13.5032 13.4998 13.4964 13.493 13.4896 13.4862 13.4828 13.4794 13.476 13.4726 13.4692 13.4658 13.4624 13.459 13.4556 13.4522 13.4488 13.4454 13.442 13.4386 13.4352 13.4318 13.4284 13.425 13.4216 13.4182 13.4148 13.4114 13.408 13.4046 13.4012 13.3978 13.3944 13.391 13.3876
DoubleConic_SecondaryLV_25_Gold,800 799.2 798.4 797.6 796.8 796 795.2 794.4 793.6 792.8 792 791.2 790.4 789.6 788.8 788 787.2 786.4 785.6 784.8 784 783.2 782.4 781.6 780.8 780 779.2 778.4 777.6 776.8 776 775.2 774.4 773.6 772.8 772 771.2 770.4 769.6 768.8 768 767.2 766.4 765.6 764.8 764 763.2 762.4 761.6 760.8 760 759.2 758.4 757.6 756.8 756 755.2 754.4 753.6 752.8 752 751.2 750.4 749.6 748.8 748 747.2 746.4 745.6 744.8 744 743.2 742.4 741.6 740.8 740 739.2 738.4 737.6 736.8 736 735.2 734.4 733.6 732.8 732 731.2 730.4 729.6 728.8 728 727.2 726.4 725.6 724.8 724 723.2 722.4 721.6 720.8 720 719.2 718.4 717.6 716.8 716 715.2 714.4 713.6 712.8 712 711.2 710.4 709.6 708.8 708 707.2 706.4 705.6 704.8 704 703.2 702.4 701.6 700.8 700,13.3876 13.3774 13.3672 13.357 13.3468 13.3366 13.3264 13.3162 13.306 13.2958 13.2856 13.2754 13.2652 13.255 13.2448 13.2346 13.2244 13.2142 13.204 13.1938 13.1836 13.1734 13.1632 13.153 13.1428 13.1326 13.1224 13.1122 13.102 13.0918 13.0816 13.0714 13.0612 13.051 13.0408 13.0306 13.0204 13.0102 13 12.9898 12.9796 12.9694 12.9592 12.949 12.9388 12.9286 12.9184 12.9082 12.898 12.8878 12.8776 12.8674 12.8572 12.847 12.8368 12.8266 12.8164 12.8062 12.796 12.7858 12.7756 12.7654 12.7552 12.745 12.7348 12.7246 12.7144 12.7042 12.694 12.6838 12.6736 12.6634 12.6532 12.643 12.6328 12.6226 12.6124 12.6022 12.592 12.5818 12.5716 12.5614 12.5512 12.541 12.5308 12.5206 12.5104 12.5002 12.49 12.4798 12.4696 12.4594 12.4492 12.439 12.4288 12.4186 12.4084 12.3982 12.388 12.3778 12.3676 12.3574 12.3472 12.337 12.3268 12.3166 12.3064 12.2962 12.286 12.2758 12.2656 12.2554 12.2452 12.235 12.2248 12.2146 12.2044 12.1942 12.184 12.1738 12.1636 12.1534 12.1432 12.133 12.1228 12.1126
DoubleConic_PrimaryLV_26_Gold,900 899.2 898.4 897.6 896.8 896 895.2 894.4 893.6 892.8 892 891.2 890.4 889.6 888.8 888 887.2 886.4 885.6 884.8 884 883.2 882.4 881.6 880.8 880 879.2 878.4 877.6 876.8 876 875.2 874.4 873.6 872.8 872 871.2 870.4 869.6 868.8 868 867.2 866.4 865.6 864.8 864 863.2 862.4 861.6 860.8 860 859.2 858.4 857.6 856.8 856 855.2 854.4 853.6 852.8 852 851.2 850.4 849.6 848.8 848 847.2 846.4 845.6 844.8 844 843.2 842.4 841.6 840.8 840 839.2 838.4 837.6 836.8 836 835.2 834.4 833.6 832.8 832 831.2 830.4 829.6 828.8 828 827.2 826.4 825.6 824.8 824 823.2 822.4 821.6 820.8 820 819.2 818.4 817.6 816.8 816 815.2 814.4 813.6 812.8 812 811.2 810.4 809.6 808.8 808 807.2 806.4 805.6 804.8 804 803.2 802.4 801.6 800.8 800,12.4849 12.4819 12.4788 12.4757 12.4726 12.4696 12.4665 12.4634 12.4603 12.4573 12.4542 12.4511 12.4481 12.445 12.4419 12.4388 12.4358 12.4327 12.4296 12.4265 12.4235 12.4204 12.4173 12.4142 12.4112 12.4081 12.405 12.402 12.3989 12.3958 12.3927 12.3897 12.3866 12.3835 12.3804 12.3774 12.3743 12.3712 12.3682 12.3651 12.362 12.3589 12.3559 12.3528 12.3497 12.3466 12.3436 12.3405 12.3374 12.3344 12.3313 12.3282 12.3251 12.3221 12.319 12.3159 12.3128 12.3098 12.3067 12.3036 12.3005 12.2975 12.2944 12.2913 12.2883 12.2852 12.2821 12.279 12.276 12.2729 12.2698 12.2667 12.2637 12.2606 12.2575 12.2545 12.2514 12.2483 12.2452 12.2422 12.2391 12.236 12.2329 12.2299 12.2268 12.2237 12.2207 12.2176 12.2145 12.2114 12.2084 12.2053 12.2022 12.1991 12.1961 12.193 12.1899 12.1868 12.1838 12.1807 12.1776 12.1746 12.1715 12.1684 12.1653 12.1623 12.1592 12.1561 12.153 12.15 12.1469 12.1438 12.1408 12.1377 12.1346 12.1315 12.1285 12.1254 12.1223 12.1192 12.1162 12.1131 12.11 12.107 12.1039 12.1008
DoubleConic_SecondaryLV_26_Gold,800 799.2 798.4 797.6 796.8 796 795.2 794.4 793.6 792.8 792 791.2 790.4 789.6 788.8 788 787.2 786.4 785.6 784.8 784 783.2 782.4 781.6 780.8 780 779.2 778.4 777.6 776.8 776 775.2 774.4 773.6 772.8 772 771.2 770.4 769.6 768.8 768 767.2 766.4 765.6 764.8 764 763.2 762.4 761.6 760.8 760 759.2 758.4 757.6 756.8 756 755.2 754.4 753.6 752.8 752 751.2 750.4 749.6 748.8 748 747.2 746.4 745.6 744.8 744 743.2 742.4 741.6 740.8 740 739.2 738.4 737.6 736.8 736 735.2 734.4 733.6 732.8 732 731.2 730.4 729.6 728.8 728 727.2 726.4 725.6 724.8 724 723.2 722.4 721.6 720.8 720 719.2 718.4 717.6 716.8 716 715.2 714.4 713.6 712.8 712 711.2 710.4 709.6 708.8 708 707.2 706.4 705.6 704.8 704 703.2 702.4 701.6 700.8 700,12.1008 12.0916 12.0824 12.0731 12.0639 12.0547 12.0455 12.0363 12.027 12.0178 12.0086 11.9994 11.9902 11.981 11.9717 11.9625 11.9533 11.9441 11.9349 11.9256 11.9164 11.9072 11.898 11.8888 11.8795 11.8703 11.8611 11.8519 11.8427 11.8334 11.8242 11.815 11.8058 11.7966 11.7873 11.7781 11.7689 11.7597 11.7505 11.7413 11.732 11.7228 11.7136 11.7044 11.6952 11.6859 11.6767 11.6675 11.6583 11.6491 11.6398 11.6306 11.6214 11.6122 11.603 11.5937 11.5845 11.5753 11.5661 11.5569 11.5476 11.5384 11.5292 11.52 11.5108 11.5015 11.4923 11.4831 11.4739 11.4647 11.4555 11.4462 11.437 11.4278 11.4186 11.4094 11.4001 11.3909 11.3817 11.3725 11.3633 11.354 11.3448 11.3356 11.3264 11.3172 11.3079 11.2987 11.2895 11.2803 11.2711 11.2618 11.2526 11.2434 11.2342 11.225 11.2157 11.2065 11.1973 11.1881 11.1789 11.1697 11.1604 11.1512 11.142 11.1328 11.1236 11.1143 11.1051 11.0959 11.0867 11.0775 11.0682 11.059 11.0498 11.0406 11.0314 11.0221 11.0129 11.0037 10.9945 10.9853 10.976 10.9668 10.9576 10.9484
